Text,Manuscript,Folios/Pages,Siglum,Date,Origin/Prov,Language,Link,Notes,,,,,,,
"Jonas Aurelianensis, Epistola ad Waltcaudum Leodiensem","Vienna, ONB, 550",1r-2v,A1a1,900-999,N France,Latin,http://data.onb.ac.at/dtl/2939587,,,,,,,,
Passio S Hugberti,"Vienna, ONB, 550",2v-32r,A1a1,900-999,N France,Latin,http://data.onb.ac.at/dtl/2939587,,,,,,,,
Passio S Luciae,"Vienna, ONB, 550",33r-37r,A1a1,900-999,N France,Latin,http://data.onb.ac.at/dtl/2939587,,,,,,,,
Passio S Anastasiae,"Vienna, ONB, 550",37r-40r,A1a1,900-999,N France,Latin,http://data.onb.ac.at/dtl/2939587,,,,,,,,
Passio S Ceciliae,"Vienna, ONB, 550",40r-59r,A1a1,900-999,N France,Latin,http://data.onb.ac.at/dtl/2939587,,,,,,,,
Passio B Eugeniae,"Vienna, ONB, 550",59r-74r,A1a1,900-999,N France,Latin,http://data.onb.ac.at/dtl/2939587,,,,,,,,
Passio S Euphemiae,"Vienna, ONB, 550",74r-84v,A1a1,900-999,N France,Latin,http://data.onb.ac.at/dtl/2939587,,,,,,,,
Ps-Matthew,"Vienna, ONB, 550",85r-93v,A1a1,900-999,N France,Latin,http://data.onb.ac.at/dtl/2939587,,,,,,,,
Vita S Vedasti,"Vienna, ONB, 550",94r-108v,A1a1,900-999,N France,Latin,http://data.onb.ac.at/dtl/2939587,,,,,,,,
"Alcuin, Homelia in die natali S Vedasti","Vienna, ONB, 550",109r-112r,A1a1,900-999,N France,Latin,http://data.onb.ac.at/dtl/2939587,,,,,,,,
"Alcuin, Versus duo in abbatem Radonem","Vienna, ONB, 550",112r,A1a1,900-999,N France,Latin,http://data.onb.ac.at/dtl/2939587,,,,,,,,
"Alcuin, Hymnus in Vedastum","Vienna, ONB, 550",112r-112v,A1a1,900-999,N France,Latin,http://data.onb.ac.at/dtl/2939587,,,,,,,,
"Alcuin, Versus aliquot in S Vedastum","Vienna, ONB, 550",113r-113v,A1a1,900-999,N France,Latin,http://data.onb.ac.at/dtl/2939587,,,,,,,,
Passio SS Faustini et Jovitae,"Vienna, ONB, 550",114r-125v,A1a1,900-999,N France,Latin,http://data.onb.ac.at/dtl/2939587,,,,,,,,
"Ambrose, Commentarius in epistolam primam Pauli ad Corinthios","Vienna, ONB, 550",125v-129v,A1a1,900-999,N France,Latin,http://data.onb.ac.at/dtl/2939587,extracts,,,,,,,
Passio S Christophori,"Vienna, ONB, 550",130v-135r,A1a1,900-999,N France,Latin,http://data.onb.ac.at/dtl/2939587,,,,,,,,
Ps-Matthew,"Rheims, BM 1395",2r-17r,A1a2,850,Rheims,Latin,https://bvmm.irht.cnrs.fr/resultRecherche/resultRecherche.php?COMPOSITION_ID=4147,,,,,,,,
Transitus Mariae (Ps-Melito),"Rheims, BM 1395",18r-25v,A1a2,850,Rheims,Latin,https://bvmm.irht.cnrs.fr/resultRecherche/resultRecherche.php?COMPOSITION_ID=4147,,,,,,,,
"Ambrosius, Sermo de assumptione Mariae","Rheims, BM 1395",26r-32r,A1a2,850,Rheims,Latin,https://bvmm.irht.cnrs.fr/resultRecherche/resultRecherche.php?COMPOSITION_ID=4147,,,,,,,,
Miraculorum S Dionysii,"Rheims, BM 1395",32r-37v,A1a2,850,Rheims,Latin,https://bvmm.irht.cnrs.fr/resultRecherche/resultRecherche.php?COMPOSITION_ID=4147,extracts,,,,,,,
Vita S Remigii,"Rheims, BM 1395",38r-44v,A1a2,850,Rheims,Latin,https://bvmm.irht.cnrs.fr/resultRecherche/resultRecherche.php?COMPOSITION_ID=4147,,,,,,,,
Esther,"Rheims, BM 1395",45r-47v,A1a2,850,Rheims,Latin,https://bvmm.irht.cnrs.fr/resultRecherche/resultRecherche.php?COMPOSITION_ID=4147,extracts: 14-15,,,,,,,
Invention of the Cross,"Rheims, BM 1395",48r-50v,A1a2,850,Rheims,Latin,https://bvmm.irht.cnrs.fr/resultRecherche/resultRecherche.php?COMPOSITION_ID=4147,,,,,,,,
Exaltation of the Cross,"Rheims, BM 1395",51r-54r,A1a2,850,Rheims,Latin,https://bvmm.irht.cnrs.fr/resultRecherche/resultRecherche.php?COMPOSITION_ID=4147,,,,,,,,
"Gregory of Tours, On the Cross","Rheims, BM 1395",54v-55v,A1a2,850,Rheims,Latin,https://bvmm.irht.cnrs.fr/resultRecherche/resultRecherche.php?COMPOSITION_ID=4147,,,,,,,,
Invention of the Cross,"Rheims, BM 1395",56r-63v,A1a2,850,Rheims,Latin,https://bvmm.irht.cnrs.fr/resultRecherche/resultRecherche.php?COMPOSITION_ID=4147,,,,,,,,
Transitus Mariae (Ps-Melito),"Rheims, BM 1395",64r-67v,A1a2,850,Rheims,Latin,https://bvmm.irht.cnrs.fr/resultRecherche/resultRecherche.php?COMPOSITION_ID=4147,,,,,,,,
"Passio SS Petrus, Paulus, Andrea, et Dyonysia","Rheims, BM 1395",68r-70r,A1a2,850,Rheims,Latin,https://bvmm.irht.cnrs.fr/resultRecherche/resultRecherche.php?COMPOSITION_ID=4147,,,,,,,,
Passio S Margaretae,"Rheims, BM 1395",70v-78v,A1a2,850,Rheims,Latin,https://bvmm.irht.cnrs.fr/resultRecherche/resultRecherche.php?COMPOSITION_ID=4147,,,,,,,,
Passio S Marinae,"Rheims, BM 1395",79r-88v,A1a2,850,Rheims,Latin,https://bvmm.irht.cnrs.fr/resultRecherche/resultRecherche.php?COMPOSITION_ID=4147,,,,,,,,
Vitae B Alcuini,"Rheims, BM 1395",89r-113v,A1a2,850,Rheims,Latin,https://bvmm.irht.cnrs.fr/resultRecherche/resultRecherche.php?COMPOSITION_ID=4147,,,,,,,,
Passio S Eleutherii,"Rheims, BM 1395",114r-119v,A1a2,850,Rheims,Latin,https://bvmm.irht.cnrs.fr/resultRecherche/resultRecherche.php?COMPOSITION_ID=4147,,,,,,,,
Vita S Euphrosinae,"Rheims, BM 1395",120r-130r,A1a2,850,Rheims,Latin,https://bvmm.irht.cnrs.fr/resultRecherche/resultRecherche.php?COMPOSITION_ID=4147,,,,,,,,
"Paulinus of Milan, Vita S Ambrosii","Rheims, BM 1395",130v-135r,A1a2,850,Rheims,Latin,https://bvmm.irht.cnrs.fr/resultRecherche/resultRecherche.php?COMPOSITION_ID=4147,,,,,,,,
"Passionis SS Secundiani, Marcelliani, et Veriani","Rheims, BM 1395",135v-149r,A1a2,850,Rheims,Latin,https://bvmm.irht.cnrs.fr/resultRecherche/resultRecherche.php?COMPOSITION_ID=4147,,,,,,,,
Martyrdom of Andrew,"Rheims, BM 1395",149v-155v,A1a2,850,Rheims,Latin,https://bvmm.irht.cnrs.fr/resultRecherche/resultRecherche.php?COMPOSITION_ID=4147,,,,,,,,
Passio S Agathae,"Rheims, BM 1395",156r-166v,A1a2,850,Rheims,Latin,https://bvmm.irht.cnrs.fr/resultRecherche/resultRecherche.php?COMPOSITION_ID=4147,,,,,,,,
Passio S Anastasiae,"Rheims, BM 1395",171r-?,A1a2,850,Rheims,Latin,https://bvmm.irht.cnrs.fr/resultRecherche/resultRecherche.php?COMPOSITION_ID=4147,,,,,,,,
"Sulpicius Severus, Vita S Martini","Paris, BNF, lat. 5327",1r-8v,A1c1,900-999,Saint-Amand-les-Eaux,Latin,,,,,,,,,
Vita S Bavonis,"Paris, BNF, lat. 5327",9r-13v,A1c1,900-999,Saint-Amand-les-Eaux,Latin,,,,,,,,,
Vita S Gregorii,"Paris, BNF, lat. 5327",13v-18v,A1c1,900-999,Saint-Amand-les-Eaux,Latin,,,,,,,,,
Passio S Ceciliae,"Paris, BNF, lat. 5327",19r-24v,A1c1,900-999,Saint-Amand-les-Eaux,Latin,,,,,,,,,
Vita B Walburgae virginis,"Paris, BNF, lat. 5327",25r-35v,A1c1,900-999,Saint-Amand-les-Eaux,Latin,,,,,,,,,
Gospel of Nicodemus,"Paris, BNF, lat. 5327",35v–55r,A1c1,900-999,Saint-Amand-les-Eaux,Latin,,,,,,,,,
Vengeance of the Savior,"Paris, BNF, lat. 5327",55r–61v,A1c1,900-999,Saint-Amand-les-Eaux,Latin,,,,,,,,,
Ps-Matthew,"Paris, BNF, lat. 5327",61v-73r,A1c1,900-999,Saint-Amand-les-Eaux,Latin,,,,,,,,,
Dormition of Mary,"Paris, BNF, lat. 5327",73r-80r,A1c1,900-999,Saint-Amand-les-Eaux,Latin,,,,,,,,,
Invention of the Cross,"Paris, BNF, lat. 5327",80r-80v,A1c1,900-999,Saint-Amand-les-Eaux,Latin,,fragment,,,,,,,
Life of Adam & Eve,"Paris, BNF, lat. 5327",81r-87r,A1c1,900-999,Saint-Amand-les-Eaux,Latin,,,,,,,,,
Vita S Basilii,"Paris, BNF, lat. 5327",87r-104r,A1c1,900-999,Saint-Amand-les-Eaux,Latin,,,,,,,,,
Vita S Eligii,"Paris, BNF, lat. 5327",104v-166v,A1c1,900-999,Saint-Amand-les-Eaux,Latin,,,,,,,,,
Vita S Eligii,"Paris, BNF, lat. 5327",166v-170r,A1c1,900-999,Saint-Amand-les-Eaux,Latin,,,,,,,,,
Martyrdom of John (Ps-Melito),"Paris, BNF, lat. 5327",171r-177v,A1c1,900-999,Saint-Amand-les-Eaux,Latin,,,,,,,,,
De B Joanne,"Paris, BNF, lat. 5327",177v-178v,A1c1,900-999,Saint-Amand-les-Eaux,Latin,,extracts,,,,,,,
Apparitio S Michaelis,"Paris, BNF, lat. 5327",178v-180v,A1c1,900-999,Saint-Amand-les-Eaux,Latin,,,,,,,,,
Acts of Thomas,"Paris, BNF, lat. 5327",188v,A1c1,900-999,Saint-Amand-les-Eaux,Latin,,,,,,,,,
De S Tarsilla,"Paris, BNF, lat. 5327",189r-191r,A1c1,900-999,Saint-Amand-les-Eaux,Latin,,,,,,,,,
Ps-Matthew,"Paris, BNF, lat. 5327","191v-197v, 202v",A1c1,900-999,Saint-Amand-les-Eaux,Latin,,,,,,,,,
Exaltation of the Cross,"Paris, BNF, lat. 5327",198r-199v,A1c1,900-999,Saint-Amand-les-Eaux,Latin,,,,,,,,,
Invention of the Cross,"Paris, BNF, lat. 5327",199v-202r,A1c1,900-999,Saint-Amand-les-Eaux,Latin,,,,,,,,,
Martyrdom of Andrew,"Paris, BNF, lat. 5327","205v, 204r, 203v",A1c1,900-999,Saint-Amand-les-Eaux,Latin,,,,,,,,,
Ps-Matthew,"London, BL, Add. 11880",215r-231r,A2a1,820,Regensburg,Latin,,,,,,,,,
Passio S Columbae,"London, BL, Add. 11880",,A2a1,820,Regensburg,Latin,,,,,,,,,
De obitu S Mariae,"London, BL, Add. 11880",,A2a1,820,Regensburg,Latin,,,,,,,,,
"Passio SS Sixti, Laurenti, et Hippolyti","London, BL, Add. 11880",,A2a1,820,Regensburg,Latin,,,,,,,,,
"Euticides, Litterae ad Marcellum","London, BL, Add. 11880",,A2a1,820,Regensburg,Latin,,,,,,,,,
Passio S Donati,"London, BL, Add. 11880",,A2a1,820,Regensburg,Latin,,,,,,,,,
"Passio SS Nerei, Achilei, et Domitillae","London, BL, Add. 11880",,A2a1,820,Regensburg,Latin,,,,,,,,,
Passio S Cypriani,"London, BL, Add. 11880",,A2a1,820,Regensburg,Latin,,,,,,,,,
Passio S Anastasiae,"London, BL, Add. 11880",,A2a1,820,Regensburg,Latin,,,,,,,,,
Vita S Corbiniani,"London, BL, Add. 11880",,A2a1,820,Regensburg,Latin,,,,,,,,,
Passio S Mammarii,"London, BL, Add. 11880",,A2a1,820,Regensburg,Latin,,,,,,,,,
Passio S Christophori,"London, BL, Add. 11880",,A2a1,820,Regensburg,Latin,,,,,,,,,
Vita S Radegundis,"London, BL, Add. 11880",,A2a1,820,Regensburg,Latin,,,,,,,,,
Passio S Felicis,"London, BL, Add. 11880",,A2a1,820,Regensburg,Latin,,,,,,,,,
Passio S Christinae,"London, BL, Add. 11880",,A2a1,820,Regensburg,Latin,,,,,,,,,
Passio S Caesarii,"London, BL, Add. 11880",,A2a1,820,Regensburg,Latin,,,,,,,,,
Passio S Albanii,"London, BL, Add. 11880",,A2a1,820,Regensburg,Latin,,,,,,,,,
"Ps-Ambrosius, Passio S Agnetis","London, BL, Add. 11880",,A2a1,820,Regensburg,Latin,,,,,,,,,
Passio S Agathae,"London, BL, Add. 11880",,A2a1,820,Regensburg,Latin,,,,,,,,,
Invention of the Cross,"London, BL, Add. 11880",,A2a1,820,Regensburg,Latin,,,,,,,,,
Passio S Quiriaci,"London, BL, Add. 11880",,A2a1,820,Regensburg,Latin,,,,,,,,,
Vita S Petronillae,"London, BL, Add. 11880",,A2a1,820,Regensburg,Latin,,,,,,,,,
Passio SS Sulpicii et Serviliani,"London, BL, Add. 11880",,A2a1,820,Regensburg,Latin,,,,,,,,,
Revelatione S Stephani,"London, BL, Add. 11880",,A2a1,820,Regensburg,Latin,,,,,,,,,
Passio de septem dormientibus,"London, BL, Add. 11880",,A2a1,820,Regensburg,Latin,,,,,,,,,
Passio SS Vincentiae et Margaretae,"London, BL, Add. 11880",,A2a1,820,Regensburg,Latin,,,,,,,,,
Martyrdom of Peter and Paul,"London, BL, Add. 11880",,A2a1,820,Regensburg,Latin,,,,,,,,,
Passio B Machabeorum,"London, BL, Add. 11880",,A2a1,820,Regensburg,Latin,,,,,,,,,
Passio S Quintini,"London, BL, Add. 11880",,A2a1,820,Regensburg,Latin,,,,,,,,,
Passio SS Mauricii,"London, BL, Add. 11880",,A2a1,820,Regensburg,Latin,,,,,,,,,
Passio S Marinae,"London, BL, Add. 11880",,A2a1,820,Regensburg,Latin,,,,,,,,,
Passio S Scilitani,"London, BL, Add. 11880",,A2a1,820,Regensburg,Latin,,,,,,,,,
Ps-Matthew,"Budapest, SBN, Clmae 316",1r-29r,A3a1,825,Salzburg,Latin,,,,,,,,,
Expositio super missam,"Budapest, SBN, Clmae 316",29r-51r,A3a1,825,Salzburg,Latin,,,,,,,,,
"Hrabanus Maurus, De institutione clericorum","Budapest, SBN, Clmae 316",51r-52v,A3a1,825,Salzburg,Latin,,extracts: I.16,,,,,,,
"Seneca, De beneficiis","Vienna, ONB, 289",1r-17v,A3a3,1200-1299,Salzburg,Latin,,,,,,,,,
"Hildebert of Tours, Epitaphium Senecae","Vienna, ONB, 289",17v,A3a3,1200-1299,Salzburg,Latin,,,,,,,,,
De ordine legendorum in ecclesia,"Vienna, ONB, 289",17v-18v,A3a3,1200-1299,Salzburg,Latin,,,,,,,,,
Actus S Sylvestri,"Vienna, ONB, 289",19r-54v,A3a3,800-899,Salzburg,Latin,,,,,,,,,
Ps-Matthew,"Vienna, ONB, 289",55r-69v,A3a3,900-999,Salzburg,Latin,,,,,,,,,
Vita S Mariae Magdalenae,"Vienna, ONB, 289",70v-85v,A3a3,1000-1099,Salzburg,Latin,,,,,,,,,
Vita S Henrici,"Vienna, ONB, 289",86r-97r,A3a3,1100-1199,Salzburg,Latin,,,,,,,,,
Translatio S Hermetis Salisburgum,"Vienna, ONB, 289",97v-98v,A3a3,1100-1199,Salzburg,Latin,,,,,,,,,
Translatio S Martini Turonensis Salisburgum,"Vienna, ONB, 289",98v-100r,A3a3,1100-1199,Salzburg,Latin,,,,,,,,,
Collectio de tempore et de translatione B Ruodberti,"Vienna, ONB, 289",100r-102r,A3a3,1100-1199,Salzburg,Latin,,,,,,,,,
"Hildegard of Bingen, Visio","Vienna, ONB, 289",102v,A3a3,1100-1199,Salzburg,Latin,,,,,,,,,
Waltharius,"Vienna, ONB, 289",103r-130v,A3a3,1100-1199,Salzburg,Latin,,,,,,,,,
Vita Conradi I,"Vienna, ONB, 289",131r-146v,A3a3,1100-1199,Salzburg,Latin,,,,,,,,,
"Hincmar, Letter to Odo","Gand, UB 239",1-4,A1a3,1200-1299,Cambron Abbey,Latin,,"see Lambot, L'homelie du Pseudo-Jerome",,,,,,,
Ps-Matthew,"Gand, UB 239",5-31,A1a3,1200-1299,Cambron Abbey,Latin,,,,,,,,,
Transitus Mariae (Ps-Melito),"Gand, UB 239",41-41,A1a3,1200-1299,Cambron Abbey,Latin,,,,,,,,,
Gospel of Nicodemus,"Gand, UB 239",41-73,A1a3,1200-1299,Cambron Abbey,Latin,,,,,,,,,
"Ps-Jerome, Epistola ad Paulam et Eustochium de assumptione sanctae Mariae","Gand, UB 239",73-115,A1a3,1200-1299,Cambron Abbey,Latin,,by Pashcasius Radbertus,,,,,,,
"Didymus, De Spiritu sancto","Gand, UB 239",115-185,A1a3,1200-1299,Cambron Abbey,Latin,,,,,,,,,
"Cassiodorus, De anima","Gand, UB 239",185-232,A1a3,1200-1299,Cambron Abbey,Latin,,,,,,,,,
"Defensor, Liber Scintillarum","Rheims, BM 582",1r-26v,A1a4,1200-1299,Rheims,Latin,https://bvmm.irht.cnrs.fr/resultRecherche/resultRecherche.php?COMPOSITION_ID=4343,attributed to Bede in ms,,,,,,,
"Augustine, De conflictu vitiorum et virtutum","Rheims, BM 582",26v-29v,A1a4,1200-1299,Rheims,Latin,https://bvmm.irht.cnrs.fr/resultRecherche/resultRecherche.php?COMPOSITION_ID=4343,,,,,,,,
Sermons,"Rheims, BM 582","30r-63v, 64r-71v, 122r-186v",A1a4,1200-1299,Rheims,Latin,https://bvmm.irht.cnrs.fr/resultRecherche/resultRecherche.php?COMPOSITION_ID=4343,,,,,,,,
Penitential texts,"Rheims, BM 582",72r-74v,A1a4,1200-1299,Rheims,Latin,https://bvmm.irht.cnrs.fr/resultRecherche/resultRecherche.php?COMPOSITION_ID=4343,,,,,,,,
Tables of Virtues,"Rheims, BM 582",75r-75v,A1a4,1200-1299,Rheims,Latin,https://bvmm.irht.cnrs.fr/resultRecherche/resultRecherche.php?COMPOSITION_ID=4343,,,,,,,,
Theological Excerpts,"Rheims, BM 582",81r-85v,A1a4,1200-1299,Rheims,Latin,https://bvmm.irht.cnrs.fr/resultRecherche/resultRecherche.php?COMPOSITION_ID=4343,,,,,,,,
Miracles of the Virgin,"Rheims, BM 582",85r-85v,A1a4,1200-1299,Rheims,Latin,https://bvmm.irht.cnrs.fr/resultRecherche/resultRecherche.php?COMPOSITION_ID=4343,,,,,,,,
Ps-Matthew,"Rheims, BM 582",86r-88v,A1a4,1200-1299,Rheims,Latin,https://bvmm.irht.cnrs.fr/resultRecherche/resultRecherche.php?COMPOSITION_ID=4343,,,,,,,,
Transitus Mariae (Ps-Melito),"Rheims, BM 582",88v-90r,A1a4,1200-1299,Rheims,Latin,https://bvmm.irht.cnrs.fr/resultRecherche/resultRecherche.php?COMPOSITION_ID=4343,,,,,,,,
Poetic Life of S Agnes,"Rheims, BM 582",90r-91v,A1a4,1200-1299,Rheims,Latin,https://bvmm.irht.cnrs.fr/resultRecherche/resultRecherche.php?COMPOSITION_ID=4343,,,,,,,,
"Maurice de Sully, Sermons","Rheims, BM 582",92r-121v,A1a4,1200-1299,Rheims,Latin,https://bvmm.irht.cnrs.fr/resultRecherche/resultRecherche.php?COMPOSITION_ID=4343,,,,,,,,
Prayers to the Virgin Mary,"Rheims, BM 582",121v,A1a4,1200-1299,Rheims,Latin,https://bvmm.irht.cnrs.fr/resultRecherche/resultRecherche.php?COMPOSITION_ID=4343,possibly from s. xiv?,,,,,,,
Ps-Matthew,"Namur, BS, lat. 80",1r-17v,A1a5,1100-1199,France?,Latin,,,,,,,,,
Disobedience of Dimas,"Namur, BS, lat. 80",13v-15v & 17r-17v,A1a5,1100-1199,France?,Latin,,,,,,,,,
Transitus Mariae (Ps-Melito),"Namur, BS, lat. 80",,A1a5,1100-1199,France?,Latin,,,,,,,,,
Cura sanitatis Tiberii,"Namur, BS, lat. 80",,A1a5,1100-1199,France?,Latin,,,,,,,,,
Genealogies of Mary,"Namur, BS, lat. 80",,A1a5,1100-1199,France?,Latin,,,,,,,,,
Aetas S Mariae,"Namur, BS, lat. 80",,A1a5,1100-1199,France?,Latin,,,,,,,,,
De tribus magis,"Namur, BS, lat. 80",,A1a5,1100-1199,France?,Latin,,,,,,,,,
Miracles of the Virgin,"Namur, BS, lat. 80",,A1a5,1100-1199,France?,Latin,,,,,,,,,
Exempla Mariae,"Namur, BS, lat. 80",,A1a5,1100-1199,France?,Latin,,,,,,,,,
???,"Namur, BS, lat. 80",,A1a5,1100-1199,France?,Latin,,,,,,,,,
Ps-Matthew,"Uppsala, UB, C 225",1r-13v,A1a6,1200-1299,E France / W Germany,Latin,,,,,,,,,
"Fulbert, Sermo de natiuitate Mariae","Uppsala, UB, C 225",13v-16v,A1a6,1200-1299,E France / W Germany,Latin,,,,,,,,,
Gospel of Nicodemus,"Uppsala, UB, C 225",17r-32r,A1a6,1200-1299,E France / W Germany,Latin,,,,,,,,,
Sermo ueridicus de assumptione sanctae Mariae,"Uppsala, UB, C 225",32r-45v,A1a6,1200-1299,E France / W Germany,Latin,,,,,,,,,
Miracles of the Virgin,"Uppsala, UB, C 225",,A1a6,1200-1299,E France / W Germany,Latin,,,,,,,,,
???,"Uppsala, UB, C 225",,A1a6,1200-1299,E France / W Germany,Latin,,,,,,,,,
"Nicholas of Lyra, Quaestiones","Vatican, BAV, Vat. lat. 4265",,A1a7,1300-1399,Germany,Latin,http://digi.vatlib.it/view/MSS_Vat.lat.4265,,,,,,,,
Responsio ad quendam Iudaeum,"Vatican, BAV, Vat. lat. 4265",,A1a7,1300-1399,Germany,Latin,http://digi.vatlib.it/view/MSS_Vat.lat.4265,,,,,,,,
Lucidarius de historiis sacrae scripturae,"Vatican, BAV, Vat. lat. 4265",,A1a7,1300-1399,Germany,Latin,http://digi.vatlib.it/view/MSS_Vat.lat.4265,,,,,,,,
Guide for a Confessor,"Vatican, BAV, Vat. lat. 4265",,A1a7,1300-1399,Germany,Latin,http://digi.vatlib.it/view/MSS_Vat.lat.4265,,,,,,,,
Guide for an Inquisitor,"Vatican, BAV, Vat. lat. 4265",,A1a7,1300-1399,Germany,Latin,http://digi.vatlib.it/view/MSS_Vat.lat.4265,,,,,,,,
Disputatione contra Iudaeos,"Vatican, BAV, Vat. lat. 4265",,A1a7,1300-1399,Germany,Latin,http://digi.vatlib.it/view/MSS_Vat.lat.4265,,,,,,,,
Ps-Matthew,"Vatican, BAV, Vat. lat. 4265",220r-227v,A1a7,1300-1399,Germany,Latin,http://digi.vatlib.it/view/MSS_Vat.lat.4265,,,,,,,,
"Cassiodorus, Tripartite History","Vatican, BAV, Vat. lat. 4265",227v,A1a7,1300-1399,Germany,Latin,http://digi.vatlib.it/view/MSS_Vat.lat.4265,extract: 6.42.6,,,,,,,
Letter of Prester John,"Vatican, BAV, Vat. lat. 4265",230r-236v,A1a7,1300-1399,Germany,Latin,http://digi.vatlib.it/view/MSS_Vat.lat.4265,,,,,,,,
Vita S Antonii,"Bern, Burgerbibliothek 137",9r-21v,A1b1,1100-1199,France,Latin,,,,,,,,,
"Jerome, Vita Hilarionis","Bern, Burgerbibliothek 137",21v-27r,A1b1,1100-1199,France,Latin,,,,,,,,,
"Jerome, De Malcho","Bern, Burgerbibliothek 137",27r-31r,A1b1,1100-1199,France,Latin,,,,,,,,,
Vita S Mariae Agyptiacae,"Bern, Burgerbibliothek 137",31r-41v,A1b1,1100-1199,France,Latin,,,,,,,,,
Vita S Euphrosynae,"Bern, Burgerbibliothek 137",41v-47v,A1b1,1100-1199,France,Latin,,,,,,,,,
Vita S Marinae,"Bern, Burgerbibliothek 137",47v-49v,A1b1,1100-1199,France,Latin,,,,,,,,,
Vita S Pelagiae,"Bern, Burgerbibliothek 137",49v-53v,A1b1,1100-1199,France,Latin,,,,,,,,,
Vita S Theclae,"Bern, Burgerbibliothek 137",53v-59v,A1b1,1100-1199,France,Latin,,,,,,,,,
Ps-Matthew,"Bern, Burgerbibliothek 137",59v-69v,A1b1,1100-1199,France,Latin,,,,,,,,,
Transitus Mariae (Ps-Melito),"Bern, Burgerbibliothek 137",69v-74v,A1b1,1100-1199,France,Latin,,,,,,,,,
Miracles of the Virgin,"Bern, Burgerbibliothek 137",74v-101v,A1b1,1100-1199,France,Latin,,attributed to Ildefonse of Toledo (BHL 5357 [5369d]),,,,,,,
Laus virginis Mariae contra Iudaeos,"Bern, Burgerbibliothek 137",102r-106r,A1b1,1100-1199,France,Latin,,,,,,,,,
Vita S Bernardi,"Bern, Burgerbibliothek 137",106r-117v,A1b1,1100-1199,France,Latin,,,,,,,,,
Vita S Adriani,"Bern, Burgerbibliothek 137",118r-128r,A1b1,1100-1199,France,Latin,,,,,,,,,
Vita S Julianae,"Bern, Burgerbibliothek 137",128r-130v,A1b1,1100-1199,France,Latin,,,,,,,,,
Vita SS duorum sociorum Amelii videlicet et Amici,"Bern, Burgerbibliothek 137",130v-140r,A1b1,1100-1199,France,Latin,,,,,,,,,
Vita S Christinae,"Bern, Burgerbibliothek 137",140r-147v,A1b1,1100-1199,France,Latin,,,,,,,,,
Vita S Sabinae,"Bern, Burgerbibliothek 137",147v-148r,A1b1,1100-1199,France,Latin,,,,,,,,,
Vita S Eugeniae,"Bern, Burgerbibliothek 137",148r-157v,A1b1,1100-1199,France,Latin,,,,,,,,,
Vita S Katherinae,"Bern, Burgerbibliothek 137",158r-178r,A1b1,1100-1199,France,Latin,,,,,,,,,
Vita S Martialis,"Bern, Burgerbibliothek 137",178r-200r,A1b1,1100-1199,France,Latin,,,,,,,,,
Vita S Cypriani,"Bern, Burgerbibliothek 137",200r-215v,A1b1,1100-1199,France,Latin,,,,,,,,,
Vita SS Cytici et Iulitae,"Bern, Burgerbibliothek 137",215v,A1b1,1100-1199,France,Latin,,,,,,,,,
Canon Law,"Paris, BNF, lat. 3522A",1r-40v,A1b2,1200-1299,France?,Latin,,,,,,,,,
Tractatus de corpore et sanguine Christi,"Paris, BNF, lat. 3522A",40v-52v,A1b2,1200-1299,France?,Latin,,parts from Anselm of Laon & Anselm of Canterbury,,,,,,,
Ps-Matthew,"Paris, BNF, lat. 3522A",,A1b2,1200-1299,France?,Latin,,,,,,,,,
Transitus Mariae (Ps-Melito),"Paris, BNF, lat. 3522A",,A1b2,1200-1299,France?,Latin,,,,,,,,,
"Ps-Origen, On Mary Magdalene","Paris, BNF, lat. 3522A",,A1b2,1200-1299,France?,Latin,,,,,,,,,
"Ps-Dionysius, Martyrdom of Peter & Paul","Paris, BNF, lat. 3522A",,A1b2,1200-1299,France?,Latin,,,,,,,,,
"Ps-Clement, Recognitiones","Paris, BNF, lat. 3522A",,A1b2,1200-1299,France?,Latin,,,,,,,,,
Letters of Ignatius & the Virgin,"Paris, BNF, lat. 3522A",,A1b2,1200-1299,France?,Latin,,,,,,,,,
Martyrdom of Andrew,"Rome, Vallicelliana, T.III Part 1",1r-2v,A1d1,1090-1099,Monte Cassino,Latin,,,,,,,,,
Passio S Barbarae,"Rome, Vallicelliana, T.III Part 1",3r,A1d1,1090-1099,Monte Cassino,Latin,,,,,,,,,
"John the Deacon, Vita S Nicolai","Rome, Vallicelliana, T.III Part 1",3r-6r,A1d1,1090-1099,Monte Cassino,Latin,,,,,,,,,
Miraculum S Nicolai,"Rome, Vallicelliana, T.III Part 1",6r-7v,A1d1,1090-1099,Monte Cassino,Latin,,,,,,,,,
Vita S Nicolai,"Rome, Vallicelliana, T.III Part 1",7v-10v,A1d1,1090-1099,Monte Cassino,Latin,,,,,,,,,
Passio S Sabini Spoletini,"Rome, Vallicelliana, T.III Part 1",10v-13r,A1d1,1090-1099,Monte Cassino,Latin,,,,,,,,,
"Paulinus of Milan, Vita S Ambrosii","Rome, Vallicelliana, T.III Part 1",13r-14v,A1d1,1090-1099,Monte Cassino,Latin,,,,,,,,,
"Petrus Neapolitanus, Miracula S Agnelli","Rome, Vallicelliana, T.III Part 1",14v-17r,A1d1,1090-1099,Monte Cassino,Latin,,,,,,,,,
Passio S Luciae,"Rome, Vallicelliana, T.III Part 1",17r-18v,A1d1,1090-1099,Monte Cassino,Latin,,,,,,,,,
"Eusebius, Passio SS Eustratii, Auxentii et soc.","Rome, Vallicelliana, T.III Part 1",18v-28r,A1d1,1090-1099,Monte Cassino,Latin,,,,,,,,,
Martyrdom of Thomas,"Rome, Vallicelliana, T.III Part 1",28r-34v,A1d1,1090-1099,Monte Cassino,Latin,,,,,,,,,
Passio S Gregorii Spoletini,"Rome, Vallicelliana, T.III Part 1",34v-36v,A1d1,1090-1099,Monte Cassino,Latin,,,,,,,,,
"Peter Chrysologus, Sermons","Rome, Vallicelliana, T.III Part 1",36v-39r,A1d1,1090-1099,Monte Cassino,Latin,,,,,,,,,
"Ps-Augustine, Sermons","Rome, Vallicelliana, T.III Part 1","39r-40v, passim",A1d1,1090-1099,Monte Cassino,Latin,,,,,,,,,
"Jerome, Commentarius in euangelium Matthaei","Rome, Vallicelliana, T.III Part 1",40v-42r,A1d1,1090-1099,Monte Cassino,Latin,,,,,,,,,
"Augustine, Sermons","Rome, Vallicelliana, T.III Part 1","43r-44r, passim",A1d1,1090-1099,Monte Cassino,Latin,,,,,,,,,
"Gregory, Homiliae in euangelia","Rome, Vallicelliana, T.III Part 1",44r-45r,A1d1,1090-1099,Monte Cassino,Latin,,,,,,,,,
Sermo in natali Domini,"Rome, Vallicelliana, T.III Part 1",45r-46r,A1d1,1090-1099,Monte Cassino,Latin,,,,,,,,,
"Fulgentius, Sermons","Rome, Vallicelliana, T.III Part 1",47r-48v,A1d1,1090-1099,Monte Cassino,Latin,,,,,,,,,
Translatio corporis S Stephani Constantinopolim,"Rome, Vallicelliana, T.III Part 1",48v-51r,A1d1,1090-1099,Monte Cassino,Latin,,,,,,,,,
Martyrdom of John (Ps-Melito),"Rome, Vallicelliana, T.III Part 1",54r-59r,A1d1,1090-1099,Monte Cassino,Latin,,,,,,,,,
"Eusebius, Historia ecclesiastica","Rome, Vallicelliana, T.III Part 1",59r-10r,A1d1,1090-1099,Monte Cassino,Latin,,III.17,,,,,,,
"Caesarius, Sermons","Rome, Vallicelliana, T.III Part 1",60r-61v,A1d1,1090-1099,Monte Cassino,Latin,,,,,,,,,
Vita S Silvestri,"Rome, Vallicelliana, T.III Part 1",62r-63v,A1d1,1090-1099,Monte Cassino,Latin,,,,,,,,,
"Pseudo-Amphilochius, Vita S Basilii","Rome, Vallicelliana, T.III Part 1",64r-73r,A1d1,1090-1099,Monte Cassino,Latin,,,,,,,,,
"Pseudo-Amphilochius, De S Ephraem","Rome, Vallicelliana, T.III Part 1",73r,A1d1,1090-1099,Monte Cassino,Latin,,,,,,,,,
"Leo, Sermons","Rome, Vallicelliana, T.III Part 1",73v-76r,A1d1,1090-1099,Monte Cassino,Latin,,,,,,,,,
"Passio SS Iuliani, Basilissae et soc.","Rome, Vallicelliana, T.III Part 1",76r-82v,A1d1,1090-1099,Monte Cassino,Latin,,,,,,,,,
"Eugippius, Vita S Severini","Rome, Vallicelliana, T.III Part 1",82v-86v,A1d1,1090-1099,Monte Cassino,Latin,,,,,,,,,
Vita S Leucii Brundisini,"Rome, Vallicelliana, T.III Part 1",86v,A1d1,1090-1099,Monte Cassino,Latin,,,,,,,,,
"Venantius Fortunatus, Vita S Hilarii Pictaviensis","Rome, Vallicelliana, T.III Part 1",87r-91r,A1d1,1090-1099,Monte Cassino,Latin,,,,,,,,,
"Marcellus, Vita S Felicis Nolani","Rome, Vallicelliana, T.III Part 1",91r-93r,A1d1,1090-1099,Monte Cassino,Latin,,,,,,,,,
"Odo of Glanfeuil, Vita S Mauri","Rome, Vallicelliana, T.III Part 1",93r-103v,A1d1,1090-1099,Monte Cassino,Latin,,,,,,,,,
Passio S Marcelli,"Rome, Vallicelliana, T.III Part 1",103v-105r,A1d1,1090-1099,Monte Cassino,Latin,,,,,,,,,
Passio S Sebastiani,"Rome, Vallicelliana, T.III Part 1",105r-112v,A1d1,1090-1099,Monte Cassino,Latin,,,,,,,,,
"Ps-Ambrosius, Passio S Agnetis","Rome, Vallicelliana, T.III Part 1",112v-115v,A1d1,1090-1099,Monte Cassino,Latin,,,,,,,,,
Passio S Vincentii Caesaraugustani,"Rome, Vallicelliana, T.III Part 1",115v-118r,A1d1,1090-1099,Monte Cassino,Latin,,,,,,,,,
Sermo in natali S Vincentii,"Rome, Vallicelliana, T.III Part 1",118v-119r,A1d1,1090-1099,Monte Cassino,Latin,,,,,,,,,
Sermo in natali S Vincentii,"Rome, Vallicelliana, T.III Part 1",119r-119v,A1d1,1090-1099,Monte Cassino,Latin,,,,,,,,,
Sermo in natali S Vincentii,"Rome, Vallicelliana, T.III Part 1",119v-120r,A1d1,1090-1099,Monte Cassino,Latin,,,,,,,,,
"Bede, In Lucae euangelium expositio","Rome, Vallicelliana, T.III Part 1",120r-123v,A1d1,1090-1099,Monte Cassino,Latin,,2:22,,,,,,,
Sermo in purificatione S Mariae,"Rome, Vallicelliana, T.III Part 1",124r-124v,A1d1,1090-1099,Monte Cassino,Latin,,,,,,,,,
Passio S Blasii,"Rome, Vallicelliana, T.III Part 1",124v-127r,A1d1,1090-1099,Monte Cassino,Latin,,,,,,,,,
Passio S Agathae,"Rome, Vallicelliana, T.III Part 1",127r-129r,A1d1,1090-1099,Monte Cassino,Latin,,,,,,,,,
Passio S Valentini Interamnensis,"Rome, Vallicelliana, T.III Part 1",129r-131r,A1d1,1090-1099,Monte Cassino,Latin,,,,,,,,,
Passio S Iulianae,"Rome, Vallicelliana, T.III Part 1",131r-134r,A1d1,1090-1099,Monte Cassino,Latin,,,,,,,,,
"Ambrosius, Sermo de S Matthia","Rome, Vallicelliana, T.III Part 1",134r-137v,A1d1,1090-1099,Monte Cassino,Latin,,,,,,,,,
"Bertarius, Sermo de S Scholastica","Rome, Vallicelliana, T.III Part 1",137v-143r,A1d1,1090-1099,Monte Cassino,Latin,,,,,,,,,
Vita S Gregorii,"Rome, Vallicelliana, T.III Part 1",143r-146v,A1d1,1090-1099,Monte Cassino,Latin,,,,,,,,,
"Gregory, Vita S Benedicti","Rome, Vallicelliana, T.III Part 1",146v-152v,A1d1,1090-1099,Monte Cassino,Latin,,,,,,,,,
Ps-Matthew,"Rome, Vallicelliana, T.III Part 1",152v-155r,A1d1,1090-1099,Monte Cassino,Latin,,8:1-15:2,,,,,,,
Martyrdom of Mark,"Rome, Vallicelliana, T.III Part 1",156r-157v,A1d1,1090-1099,Monte Cassino,Latin,,,,,,,,,
"Ps-Passecrates, Passio S Georgii Cappadocis","Rome, Vallicelliana, T.III Part 1",157v-161v,A1d1,1090-1099,Monte Cassino,Latin,,,,,,,,,
Martyrdom of Philip,"Rome, Vallicelliana, T.III Part 1",161v-162r,A1d1,1090-1099,Monte Cassino,Latin,,,,,,,,,
Martyrdom of James the Less,"Rome, Vallicelliana, T.III Part 1",162r-163v,A1d1,1090-1099,Monte Cassino,Latin,,,,,,,,,
Invention of the Cross,"Rome, Vallicelliana, T.III Part 1",163v,A1d1,1090-1099,Monte Cassino,Latin,,,,,,,,,
Gospel of Nicodemus,"Cambridge, UL, Dd.III.16+Ff.II.8+Oo.VI.48","Ff.II.8, 10r-12v + Oo.VI.48, 1r-7v",A1e1,1300-1399,England,Latin,,,,,,,,,
Ps-Matthew,"Cambridge, UL, Dd.III.16+Ff.II.8+Oo.VI.48",8r-12v,A1e1,1300-1399,England,Latin,,imperfect,,,,,,,
Epistula presbyteri Iohannis,"Cambridge, UL, Dd.III.16+Ff.II.8+Oo.VI.48",13r-16r,A1e1,1300-1399,England,Latin,,imperfect,,,,,,,
Letter of Prester John,"Cambridge, UL, Dd.III.16+Ff.II.8+Oo.VI.48",16r,A1e1,1300-1399,England,Latin,,extract,,,,,,,
Poems,"Cambridge, UL, Dd.III.16+Ff.II.8+Oo.VI.48",16v,A1e1,1300-1399,England,Latin,,,,,,,,,
"Turpin, History of Charlemagne","Cambridge, UL, Dd.III.16+Ff.II.8+Oo.VI.48",17r-24v,A1e1,1300-1399,England,Latin,,fragment,,,,,,,
Quaedam Historica de Machumeto,"Cambridge, UL, Dd.III.16+Ff.II.8+Oo.VI.48",25r-30r,A1e1,1300-1399,England,Latin,,,,,,,,,
Life of Judas,"Cambridge, UL, Dd.III.16+Ff.II.8+Oo.VI.48",30v-31r,A1e1,1300-1399,England,Latin,,,,,,,,,
Life of Pilate,"Cambridge, UL, Dd.III.16+Ff.II.8+Oo.VI.48",31r-32r,A1e1,1300-1399,England,Latin,,,,,,,,,
Vengeance of the Savior,"Cambridge, UL, Dd.III.16+Ff.II.8+Oo.VI.48",32r-33r,A1e1,1300-1399,England,Latin,,,,,,,,,
De Forma et Statura Iesu Christi,"Cambridge, UL, Dd.III.16+Ff.II.8+Oo.VI.48",33v,A1e1,1300-1399,England,Latin,,Incipit: Legitur in libris annalibus apud Romanos,,,,,,,
"Walter Gray, Canons","Cambridge, UL, Dd.III.16+Ff.II.8+Oo.VI.48",33v-34v,A1e1,1300-1399,England,Latin,,,,,,,,,
Secretum Secretorum,"Cambridge, UL, Dd.III.16+Ff.II.8+Oo.VI.48",35r-39r,A1e1,1300-1399,England,Latin,,,,,,,,,
"Notes on Aristotle, De animalibus","Cambridge, UL, Dd.III.16+Ff.II.8+Oo.VI.48",39r-42v,A1e1,1300-1399,England,Latin,,fragments,,,,,,,
Tractatus de Penitencia,"Cambridge, UL, Dd.III.16+Ff.II.8+Oo.VI.48",43r-53v,A1e1,1300-1399,England,Latin,,fragments,,,,,,,
Commentaries on Scriptures for Sundays & Holidays,"Cambridge, UL, Dd.III.16+Ff.II.8+Oo.VI.48",55r-65v,A1e1,1300-1399,England,Latin,,4th Sunday in Lent to Ascension Day,,,,,,,
Ret elskovens dyd,"Copenhagen, Arn. Inst., AM 76, 8°",1r-2r,A1e2,c.1470,Denmark,Danish,https://handrit.is/en/manuscript/view/AM08-0076,,,,,,,,
Songs to the Virgin Mary,"Copenhagen, Arn. Inst., AM 76, 8°",2r-6r,A1e2,c.1470,Denmark,Latin,https://handrit.is/en/manuscript/view/AM08-0076,,,,,,,,
Song to St Nicholas,"Copenhagen, Arn. Inst., AM 76, 8°",6v,A1e2,c.1470,Denmark,Latin,https://handrit.is/en/manuscript/view/AM08-0076,,,,,,,,
Verses,"Copenhagen, Arn. Inst., AM 76, 8°",7r-8r,A1e2,c.1470,Denmark,Latin,https://handrit.is/en/manuscript/view/AM08-0076,,,,,,,,
My Heart Doth Burn,"Copenhagen, Arn. Inst., AM 76, 8°",8v-9r,A1e2,c.1470,Denmark,Danish,https://handrit.is/en/manuscript/view/AM08-0076,,,,,,,,
Verses,"Copenhagen, Arn. Inst., AM 76, 8°",9r,A1e2,c.1470,Denmark,Latin,https://handrit.is/en/manuscript/view/AM08-0076,,,,,,,,
Communion Hymn,"Copenhagen, Arn. Inst., AM 76, 8°",9v-10r,A1e2,c.1470,Denmark,Latin,https://handrit.is/en/manuscript/view/AM08-0076,,,,,,,,
Seventy-Two Names of the Virgin Mary,"Copenhagen, Arn. Inst., AM 76, 8°",10r-10v,A1e2,c.1470,Denmark,Danish,https://handrit.is/en/manuscript/view/AM08-0076,,,,,,,,
Alphabetical Hymn to the Virgin Mary,"Copenhagen, Arn. Inst., AM 76, 8°",11r-13r,A1e2,c.1470,Denmark,Latin,https://handrit.is/en/manuscript/view/AM08-0076,,,,,,,,
Three Masses of St Nicholas for Times of Distress,"Copenhagen, Arn. Inst., AM 76, 8°",13r-13v,A1e2,c.1470,Denmark,Latin,https://handrit.is/en/manuscript/view/AM08-0076,,,,,,,,
On the Seven Petitions of the Pater Noster,"Copenhagen, Arn. Inst., AM 76, 8°",13v-14r,A1e2,c.1470,Denmark,Latin,https://handrit.is/en/manuscript/view/AM08-0076,,,,,,,,
Articles of Faith,"Copenhagen, Arn. Inst., AM 76, 8°",14r-15r,A1e2,c.1470,Denmark,Latin,https://handrit.is/en/manuscript/view/AM08-0076,,,,,,,,
Per se prima,"Copenhagen, Arn. Inst., AM 76, 8°",15r,A1e2,c.1470,Denmark,Latin,https://handrit.is/en/manuscript/view/AM08-0076,,,,,,,,
Roman & Arabic Numerals,"Copenhagen, Arn. Inst., AM 76, 8°",15r,A1e2,c.1470,Denmark,Latin,https://handrit.is/en/manuscript/view/AM08-0076,,,,,,,,
Notatio fygh,"Copenhagen, Arn. Inst., AM 76, 8°",15v,A1e2,c.1470,Denmark,"Latin, Danish",https://handrit.is/en/manuscript/view/AM08-0076,,,,,,,,
Song in Praise of the Virgin Mary,"Copenhagen, Arn. Inst., AM 76, 8°",1r-18r,A1e2,c.1470,Denmark,Danish,https://handrit.is/en/manuscript/view/AM08-0076,,,,,,,,
All My Limbs,"Copenhagen, Arn. Inst., AM 76, 8°",16r,A1e2,c.1470,Denmark,Latin,https://handrit.is/en/manuscript/view/AM08-0076,,,,,,,,
Ave Maria,"Copenhagen, Arn. Inst., AM 76, 8°",18v,A1e2,c.1470,Denmark,Danish,https://handrit.is/en/manuscript/view/AM08-0076,,,,,,,,
Disciplina Scholarium,"Copenhagen, Arn. Inst., AM 76, 8°",18v,A1e2,c.1470,Denmark,Latin,https://handrit.is/en/manuscript/view/AM08-0076,,,,,,,,
"Treatises on the Body, Soul & Mind","Copenhagen, Arn. Inst., AM 76, 8°",18v,A1e2,c.1470,Denmark,Latin,https://handrit.is/en/manuscript/view/AM08-0076,,,,,,,,
On the Seven Last Words of Our Lord,"Copenhagen, Arn. Inst., AM 76, 8°",19r,A1e2,c.1470,Denmark,Latin,https://handrit.is/en/manuscript/view/AM08-0076,,,,,,,,
Our Lord's Twelve Gifts to Mankind,"Copenhagen, Arn. Inst., AM 76, 8°",19r,A1e2,c.1470,Denmark,Latin,https://handrit.is/en/manuscript/view/AM08-0076,,,,,,,,
Our Lord's Seven Bleedings as Remedies against the Seven Deadly Sins,"Copenhagen, Arn. Inst., AM 76, 8°",19r-19v,A1e2,c.1470,Denmark,Latin,https://handrit.is/en/manuscript/view/AM08-0076,,,,,,,,
Aspergaris Aqua,"Copenhagen, Arn. Inst., AM 76, 8°",19v,A1e2,c.1470,Denmark,Latin,https://handrit.is/en/manuscript/view/AM08-0076,,,,,,,,
Numerical Value of Roman figures,"Copenhagen, Arn. Inst., AM 76, 8°",19v-20r,A1e2,c.1470,Denmark,Latin,https://handrit.is/en/manuscript/view/AM08-0076,,,,,,,,
"Robert Holkot, Super Sapientiam Salomonis","Copenhagen, Arn. Inst., AM 76, 8°",20r-20v,A1e2,c.1470,Denmark,Latin,https://handrit.is/en/manuscript/view/AM08-0076,quotations,,,,,,,
Mnemonics,"Copenhagen, Arn. Inst., AM 76, 8°",20v,A1e2,c.1470,Denmark,Latin,https://handrit.is/en/manuscript/view/AM08-0076,,,,,,,,
Sermon for First Sunday after Trinity,"Copenhagen, Arn. Inst., AM 76, 8°",21r-23v,A1e2,c.1470,Denmark,Latin,https://handrit.is/en/manuscript/view/AM08-0076,,,,,,,,
Song of Songs,"Copenhagen, Arn. Inst., AM 76, 8°",23v-24r,A1e2,c.1470,Denmark,Latin,https://handrit.is/en/manuscript/view/AM08-0076,8:5,,,,,,,
Mnemonics for Introits for Sundays throughout the Year,"Copenhagen, Arn. Inst., AM 76, 8°",24r,A1e2,c.1470,Denmark,Latin,https://handrit.is/en/manuscript/view/AM08-0076,,,,,,,,
Candida tritica,"Copenhagen, Arn. Inst., AM 76, 8°",24v,A1e2,c.1470,Denmark,"Latin, Danish",https://handrit.is/en/manuscript/view/AM08-0076,,,,,,,,
"Definitions of canon, lex, & latinum","Copenhagen, Arn. Inst., AM 76, 8°",24v,A1e2,c.1470,Denmark,Latin,https://handrit.is/en/manuscript/view/AM08-0076,,,,,,,,
"On Faith, Virtues & the Soul","Copenhagen, Arn. Inst., AM 76, 8°",24v,A1e2,c.1470,Denmark,Latin,https://handrit.is/en/manuscript/view/AM08-0076,,,,,,,,
Latin-Old Danish Vocabulary,"Copenhagen, Arn. Inst., AM 76, 8°",24v-25r,A1e2,c.1470,Denmark,"Latin, Danish",https://handrit.is/en/manuscript/view/AM08-0076,extracts,,,,,,,
On Faith & on Fools,"Copenhagen, Arn. Inst., AM 76, 8°",25r,A1e2,c.1470,Denmark,Latin,https://handrit.is/en/manuscript/view/AM08-0076,,,,,,,,
Seven Occurrences of Dominus vobiscum in the Mass,"Copenhagen, Arn. Inst., AM 76, 8°",25v-26v,A1e2,c.1470,Denmark,Latin,https://handrit.is/en/manuscript/view/AM08-0076,,,,,,,,
What Every Christian Needs to Remember,"Copenhagen, Arn. Inst., AM 76, 8°",26v,A1e2,c.1470,Denmark,Danish,https://handrit.is/en/manuscript/view/AM08-0076,,,,,,,,
Indulgence for Fasting on Twelve Specified Fridays,"Copenhagen, Arn. Inst., AM 76, 8°",27r-28r,A1e2,c.1470,Denmark,Danish,https://handrit.is/en/manuscript/view/AM08-0076,"MS related to Paris, lat. 13781",,,,,,,
"Poem on Three Sisters Fides, Spes and Caritas","Copenhagen, Arn. Inst., AM 76, 8°",28r-28v,A1e2,c.1470,Denmark,"Latin, Danish",https://handrit.is/en/manuscript/view/AM08-0076,,,,,,,,
My Heart Doth Burn,"Copenhagen, Arn. Inst., AM 76, 8°",28v-29r,A1e2,c.1470,Denmark,Latin,https://handrit.is/en/manuscript/view/AM08-0076,,,,,,,,
"Christ, Thou Art Both the Light and Day","Copenhagen, Arn. Inst., AM 76, 8°",29v-30r,A1e2,c.1470,Denmark,Danish,https://handrit.is/en/manuscript/view/AM08-0076,,,,,,,,
Prayers,"Copenhagen, Arn. Inst., AM 76, 8°",30r-30v,A1e2,c.1470,Denmark,Latin,https://handrit.is/en/manuscript/view/AM08-0076,,,,,,,,
Charms,"Copenhagen, Arn. Inst., AM 76, 8°",30r-30v,A1e2,c.1470,Denmark,Latin,https://handrit.is/en/manuscript/view/AM08-0076,,,,,,,,
Macaronic song in praise of the Virgin Mary,"Copenhagen, Arn. Inst., AM 76, 8°",30v-31v,A1e2,c.1470,Denmark,"Latin, Danish",https://handrit.is/en/manuscript/view/AM08-0076,,,,,,,,
Mnemonics,"Copenhagen, Arn. Inst., AM 76, 8°",31v,A1e2,c.1470,Denmark,Latin,https://handrit.is/en/manuscript/view/AM08-0076,,,,,,,,
Book of Lucidarius,"Copenhagen, Arn. Inst., AM 76, 8°",32r-91v,A1e2,c.1470,Denmark,Danish,https://handrit.is/en/manuscript/view/AM08-0076,Only extant copy in Old Danish,,,,,,,
Mass for the Visitation of Mary,"Copenhagen, Arn. Inst., AM 76, 8°",92v-94r,A1e2,c.1470,Denmark,Latin,https://handrit.is/en/manuscript/view/AM08-0076,,,,,,,,
Ps-Matthew,"Copenhagen, Arn. Inst., AM 76, 8°",94v-104v,A1e2,c.1470,Denmark,Latin,https://handrit.is/en/manuscript/view/AM08-0076,,,,,,,,
"Elizabeth of Schönau, Vision Concerning the Assumption","Copenhagen, Arn. Inst., AM 76, 8°",104v-106r,A1e2,c.1470,Denmark,Latin,https://handrit.is/en/manuscript/view/AM08-0076,,,,,,,,
Poem in Praise of the Virgin Mary,"Copenhagen, Arn. Inst., AM 76, 8°",106v-108v,A1e2,c.1470,Denmark,Danish,https://handrit.is/en/manuscript/view/AM08-0076,,,,,,,,
Magic Formulae,"Copenhagen, Arn. Inst., AM 76, 8°",108v-109r,A1e2,c.1470,Denmark,Latin,https://handrit.is/en/manuscript/view/AM08-0076,,,,,,,,
School Song,"Copenhagen, Arn. Inst., AM 76, 8°",109r,A1e2,c.1470,Denmark,Latin,https://handrit.is/en/manuscript/view/AM08-0076,,,,,,,,
"Notes on Alleluia, Kyrie eleison, hossanna, and sabaoth","Copenhagen, Arn. Inst., AM 76, 8°",110r,A1e2,c.1470,Denmark,Latin,https://handrit.is/en/manuscript/view/AM08-0076,,,,,,,,
Litany of the Saints,"Copenhagen, Arn. Inst., AM 76, 8°",110v-112v,A1e2,c.1470,Denmark,Danish,https://handrit.is/en/manuscript/view/AM08-0076,,,,,,,,
Seven Penitential Psalms,"Copenhagen, Arn. Inst., AM 76, 8°",113r-118v,A1e2,c.1470,Denmark,Danish,https://handrit.is/en/manuscript/view/AM08-0076,,,,,,,,
Litany of the Saints,"Copenhagen, Arn. Inst., AM 76, 8°",118v-123r,A1e2,c.1470,Denmark,Danish,https://handrit.is/en/manuscript/view/AM08-0076,,,,,,,,
Hymns,"Copenhagen, Arn. Inst., AM 76, 8°",123r-127r,A1e2,c.1470,Denmark,Latin,https://handrit.is/en/manuscript/view/AM08-0076,,,,,,,,
Poem on the Bad Character of Womankind,"Copenhagen, Arn. Inst., AM 76, 8°",127r-127v,A1e2,c.1470,Denmark,Latin,https://handrit.is/en/manuscript/view/AM08-0076,,,,,,,,
Sermons,"Copenhagen, Arn. Inst., AM 76, 8°",128r-142v,A1e2,c.1470,Denmark,Latin,https://handrit.is/en/manuscript/view/AM08-0076,,,,,,,,
Ps-Matthew,"Paris, BNF, lat. 13781",1r-7v,A1e3,1300-1399,France,Latin,,MS related to Copenhagen AM 76,,,,,,,
Inf Gos Thom,"Paris, BNF, lat. 13781",7v-11v,A1e3,1300-1399,France,Latin,,,,,,,,,
Gospel of Nicodemus,"Paris, BNF, lat. 13781",11v-20r,A1e3,1300-1399,France,Latin,,,,,,,,,
Transitus Mariae (Ps-Melito),"Paris, BNF, lat. 13781",20r-24r,A1e3,1300-1399,France,Latin,,,,,,,,,
Nativity of Mary,"Oxford, Bodleian, Rawlinson D. 1236",1r-22r,A1e4,1300-1399,"St. Mary's Abbey, Dublin",Latin,,,,,,,,,
Ps-Matthew,"Oxford, Bodleian, Rawlinson D. 1236",22r-37v,A1e4,1300-1399,"St. Mary's Abbey, Dublin",Latin,,,,,,,,,
Inf Gos Thom,"Oxford, Bodleian, Rawlinson D. 1236",37v-42v,A1e4,1300-1399,"St. Mary's Abbey, Dublin",Latin,,,,,,,,,
Miracles of Jesus,"Oxford, Bodleian, Rawlinson D. 1236",42v-44r,A1e4,1300-1399,"St. Mary's Abbey, Dublin",Latin,,,,,,,,,
Transitus Mariae (Ps-Melito),"Oxford, Bodleian, Rawlinson D. 1236",44v-49v,A1e4,1300-1399,"St. Mary's Abbey, Dublin",Latin,,,,,,,,,
De aedificatione templi domini et origine ligni crucis,"Oxford, Bodleian, Rawlinson D. 1236",49v-60r,A1e4,1300-1399,"St. Mary's Abbey, Dublin",Latin,,,,,,,,,
Gospel of Nicodemus,"Oxford, Bodleian, Rawlinson D. 1236",60r-72r,A1e4,1300-1399,"St. Mary's Abbey, Dublin",Latin,,,,,,,,,
Vengeance of the Savior,"Oxford, Bodleian, Rawlinson D. 1236",72r-74v,A1e4,1300-1399,"St. Mary's Abbey, Dublin",Latin,,,,,,,,,
"Alexander Neckam, Sermo 6, Tractatus super Ave Maris stella","Durham, CL, B.IV.30",1r-18r,A1e5,1300-1399,Oxford,Latin,,,,,,,,,
"Peter Comestor, Sermo de conceptione Virginis Mariae","Durham, CL, B.IV.30",18v-23v,A1e5,1300-1399,Oxford,Latin,,,,,,,,,
Miracles of the Virgin,"Durham, CL, B.IV.30",24r-29v,A1e5,1300-1399,Oxford,Latin,,,,,,,,,
Ps-Matthew,"Durham, CL, B.IV.30",29v-30v,A1e5,1300-1399,Oxford,Latin,,1:1-3:4,,,,,,,
"Nicholaus de Hanapis, Concordantia realis de Historiis Biblie","Durham, CL, B.IV.30",31r-95v,A1e5,1300-1399,Oxford,Latin,,,,,,,,,
Summa Bibliorum versibus rhythmicis comprehensa,"Durham, CL, B.IV.30",96r-106v,A1e5,1300-1399,Oxford,Latin,,,,,,,,,
"Ps-Bonaventure, Quidam libellus qui dicitur Stimulus Amoris","Durham, CL, B.IV.30",107r-156v,A1e5,1300-1399,Oxford,Latin,,,,,,,,,
Quidam tractatus de Scaccario moralis,"Durham, CL, B.IV.30",157r-175v,A1e5,1300-1399,Oxford,Latin,,,,,,,,,
"Odo of Cheriton, Parabolae","Durham, CL, B.IV.30",176r-179v,A1e5,1300-1399,Oxford,Latin,,fragment,,,,,,,
Versus varii argumenti,"Durham, CL, B.IV.30",180r,A1e5,1300-1399,Oxford,Latin,,,,,,,,,
Kalendar,"Oxford, Balliol College 228",3r-10v,A1e6,1300-1499,Ely,Latin,,,,,,,,,
"Jacobus, Golden Legend","Oxford, Balliol College 228",11r-202r,A1e6,1300-1499,Ely,Latin,,,,,,,,,
Life of Adam & Eve,"Oxford, Balliol College 228",203r-206v,A1e6,1300-1499,Ely,Latin,,,,,,,,,
Ps-Matthew,"Oxford, Balliol College 228",206v-?,A1e6,1300-1499,Ely,Latin,,,,,,,,,
Inf Gos Thom,"Oxford, Balliol College 228",?-213v,A1e6,1300-1499,Ely,Latin,,,,,,,,,
"Walter of Cantilupe, Omnis etas hominum","Oxford, Balliol College 228",214r-216v,A1e6,1300-1499,Ely,Latin,,,,,,,,,
Quidam tractatus de Confessionibus,"Oxford, Balliol College 228",216v-218r,A1e6,1300-1499,Ely,Latin,,,,,,,,,
Constituciones Alexandri Coventrensis ecclesie ministerii,"Oxford, Balliol College 228",218r-219r,A1e6,1300-1499,Ely,Latin,,,,,,,,,
Quidam tractatus de ii criminalibus,"Oxford, Balliol College 228",219r-220r,A1e6,1300-1499,Ely,Latin,,,,,,,,,
Questiones de Sacramentis ecclesie,"Oxford, Balliol College 228",220r-225r,A1e6,1300-1499,Ely,Latin,,,,,,,,,
De Ihesu Christo sermo,"Oxford, Balliol College 228",225r-226r,A1e6,1300-1499,Ely,Latin,,,,,,,,,
Speculum ecclesie,"Oxford, Balliol College 228",226r-236r,A1e6,1300-1499,Ely,Latin,,"chaps. 1-7, attrib. to Hugh of St. Victor (spuriously)",,,,,,,
Theological commonplaces,"Oxford, Balliol College 228",236r-247v,A1e6,1300-1499,Ely,Latin,,,,,,,,,
Sermons,"Oxford, Balliol College 228",247v-264v,A1e6,1300-1499,Ely,Latin,,,,,,,,,
Distincciones misse,"Oxford, Balliol College 228",264v-268r,A1e6,1300-1499,Ely,Latin,,,,,,,,,
Apocalypse of Paul,"Oxford, Balliol College 228",268r-268v,A1e6,1300-1499,Ely,Latin,,redaction IV,,,,,,,
De Penitencia,"Oxford, Balliol College 228",269r-278v,A1e6,1300-1499,Ely,Latin,,,,,,,,,
Four Daughters of God,"Oxford, Balliol College 228",278v-279r,A1e6,1300-1499,Ely,Latin,,"""De quodam rege qui habuit quatuor filias videlicet Misericordia Veritas Pax et Iusticia et unicum filium scilicet Sapiencia.""",,,,,,,
Exempla,"Oxford, Balliol College 228",279r-322r,A1e6,1300-1499,Ely,Latin,,,,,,,,,
"Gregory the Great, Dialogues","Oxford, Balliol College 228",279r-322r,A1e6,1300-1499,Ely,Latin,,,,,,,,,
Lives of Saints,"Oxford, Balliol College 228",279r-322r,A1e6,1300-1499,Ely,Latin,,,,,,,,,
Miracles of the Virgin,"Oxford, Balliol College 228",312r-317r,A1e6,1300-1499,Ely,Latin,,,,,,,,,
Vitas Patrum,"Oxford, Balliol College 228",317r-321v,A1e6,1300-1499,Ely,Latin,,,,,,,,,
"Grosseteste, Templum Domini","Oxford, Balliol College 228",322r-328v,A1e6,1300-1499,Ely,Latin,,,,,,,,,
Theological commonplaces,"Oxford, Balliol College 228",328v-333r,A1e6,1300-1499,Ely,Latin,,,,,,,,,
Lections for the Blessed Virgin Mary,"Graz, UB 56, II",338r-?,A1f1,c.1300,Sankt Lambrecht,Latin,,"Folios 338 ff. added to first part, a legendary s. xii, & third part s. 1510 (conjoined s. xvi)",,,,,,,
Lections In festo corporis et sanguinis Domini,"Graz, UB 56, II",?-345v,A1f1,c.1300,Sankt Lambrecht,Latin,,,,,,,,,
Ps-Matthew,"Graz, UB 56, II",345v-346v,A1f1,c.1300,Sankt Lambrecht,Latin,,"1:1-3:3, as lections for Feast of St. Anna",,,,,,,
Invencione S Stephani protomartyris,"Graz, UB 56, II",346v-351v,A1f1,c.1300,Sankt Lambrecht,Latin,,,,,,,,,
"Urban IV, Transiturus","Graz, UB 65, Parts 4-5",186r-193v,A1f2,1300-1399,Seckau Abbey,Latin,http://143.50.26.142/digbib/handschriften/Ms.0001-0199/Ms.0065/index.html,"Folios 186 ff. added to first part, a legendary s. xii + xv (conjoined s. xv); as lections for Feast of Corpus Christi",,,,,,,
Ps-Matthew,"Graz, UB 65, Parts 4-5",194r-195v,A1f2,1300-1399,Seckau Abbey,Latin,http://143.50.26.142/digbib/handschriften/Ms.0001-0199/Ms.0065/index.html,"1:1-8:5, as lections for Feast of St. Anna (imperfect)",,,,,,,
"Urban IV, Transiturus","Graz, UB 83, Part 1",1r-3v,A1f3,1300-1399,Seckau Abbey,Latin,http://143.50.26.142/digbib/handschriften/Ms.0001-0199/Ms.0083/index.html,"Folios 1-16 added to second part, a legendary s. xii (conjoined s. xiv); as lections for Feast of Corpus Christi",,,,,,,
Ps-Matthew,"Graz, UB 83, Part 1",3v-5r,A1f3,1300-1399,Seckau Abbey,Latin,http://143.50.26.142/digbib/handschriften/Ms.0001-0199/Ms.0083/index.html,"1:1-5:1, as lections for Feast of St. Anna",,,,,,,
Passio S Afrae,"Graz, UB 83, Part 1",5r-5v,A1f3,1300-1399,Seckau Abbey,Latin,http://143.50.26.142/digbib/handschriften/Ms.0001-0199/Ms.0083/index.html,,,,,,,,
Exaltation of the Cross,"Graz, UB 83, Part 1",5v-6v,A1f3,1300-1399,Seckau Abbey,Latin,http://143.50.26.142/digbib/handschriften/Ms.0001-0199/Ms.0083/index.html,,,,,,,,
Passio S Catherinae,"Graz, UB 83, Part 1",7r-7v,A1f3,1300-1399,Seckau Abbey,Latin,http://143.50.26.142/digbib/handschriften/Ms.0001-0199/Ms.0083/index.html,,,,,,,,
Vita S Nicolai,"Graz, UB 83, Part 1",7v-8v,A1f3,1300-1399,Seckau Abbey,Latin,http://143.50.26.142/digbib/handschriften/Ms.0001-0199/Ms.0083/index.html,,,,,,,,
Vita S Gregorii,"Graz, UB 83, Part 1",8v-9v,A1f3,1300-1399,Seckau Abbey,Latin,http://143.50.26.142/digbib/handschriften/Ms.0001-0199/Ms.0083/index.html,,,,,,,,
Vita S Maria,"Graz, UB 83, Part 1",9v-10r,A1f3,1300-1399,Seckau Abbey,Latin,http://143.50.26.142/digbib/handschriften/Ms.0001-0199/Ms.0083/index.html,,,,,,,,
Sermons,"Graz, UB 83, Part 1","10r-10v, 14r-14v",A1f3,1300-1399,Seckau Abbey,Latin,http://143.50.26.142/digbib/handschriften/Ms.0001-0199/Ms.0083/index.html,,,,,,,,
Passio S Ursula,"Graz, UB 83, Part 1",11r-11v,A1f3,1300-1399,Seckau Abbey,Latin,http://143.50.26.142/digbib/handschriften/Ms.0001-0199/Ms.0083/index.html,,,,,,,,
"Sulpicius Severus, Vita S Martini","Graz, UB 83, Part 1",11v-13r,A1f3,1300-1399,Seckau Abbey,Latin,http://143.50.26.142/digbib/handschriften/Ms.0001-0199/Ms.0083/index.html,,,,,,,,
Vita S Elizabethae,"Graz, UB 83, Part 1",13r-13v,A1f3,1300-1399,Seckau Abbey,Latin,http://143.50.26.142/digbib/handschriften/Ms.0001-0199/Ms.0083/index.html,,,,,,,,
Passio S Margaretae,"Graz, UB 83, Part 1",13v-14r,A1f3,1300-1399,Seckau Abbey,Latin,http://143.50.26.142/digbib/handschriften/Ms.0001-0199/Ms.0083/index.html,,,,,,,,
Epistola Innocentii pape sexti de lancea et clavis Christi,"Graz, UB 83, Part 1",14v-15v,A1f3,1300-1399,Seckau Abbey,Latin,http://143.50.26.142/digbib/handschriften/Ms.0001-0199/Ms.0083/index.html,,,,,,,,
Passio S Dorotheae,"Graz, UB 83, Part 1",15v-16r,A1f3,1300-1399,Seckau Abbey,Latin,http://143.50.26.142/digbib/handschriften/Ms.0001-0199/Ms.0083/index.html,incomplete,,,,,,,
Tabula super Bibliam,"Klosterneuburg, Stiftsbibliothek 193",1v-2v,A1f4,1490-1499,Klosterneuburg?,Latin,,,"Alexander de Villedieu, Tabula super Bibliam","Klosterneuburg, Stiftsbibliothek 193",,A1f4,1490-1499,,Latin
"Alexander de Villedieu, Argumenta","Klosterneuburg, Stiftsbibliothek 193",3r-133r,A1f4,1490-1499,Klosterneuburg?,Latin,,,,,,,,,
"Alexander de Villedieu, Tabula super Bibliam","Klosterneuburg, Stiftsbibliothek 193",134r-159v,A1f4,1490-1499,Klosterneuburg?,Latin,,,,,,,,,
Sermons,"Klosterneuburg, Stiftsbibliothek 193","160r-160v, 164r-165r, 245r-268v, passim",A1f4,1490-1499,Klosterneuburg?,Latin,,,,,,,,,
"Maximus of Turin, Sermons","Klosterneuburg, Stiftsbibliothek 193","160v-161r, passim",A1f4,1490-1499,Klosterneuburg?,Latin,,,,,,,,,
"Leo, Sermons","Klosterneuburg, Stiftsbibliothek 193","16r-161v, passim",A1f4,1490-1499,Klosterneuburg?,Latin,,,,,,,,,
"Fulgentius, Sermons","Klosterneuburg, Stiftsbibliothek 193","161v-164r, passim",A1f4,1490-1499,Klosterneuburg?,Latin,,,,,,,,,
"Serverianus, Sermo in festo SS Innocentium","Klosterneuburg, Stiftsbibliothek 193",165r-166r,A1f4,1490-1499,Klosterneuburg?,Latin,,,,,,,,,
"Ambrosius, Sermons","Klosterneuburg, Stiftsbibliothek 193",166v-167r,A1f4,1490-1499,Klosterneuburg?,Latin,,,,,,,,,
"Bede, Homilae","Klosterneuburg, Stiftsbibliothek 193","174r-175v, passim",A1f4,1490-1499,Klosterneuburg?,Latin,,,,,,,,,
Vita S Silvestri,"Klosterneuburg, Stiftsbibliothek 193",179r-182r,A1f4,1490-1499,Klosterneuburg?,Latin,,,,,,,,,
Vita S Nicolai,"Klosterneuburg, Stiftsbibliothek 193",182r-183v,A1f4,1490-1499,Klosterneuburg?,Latin,,,,,,,,,
Passio S Sebastiani,"Klosterneuburg, Stiftsbibliothek 193",183v-185r,A1f4,1490-1499,Klosterneuburg?,Latin,,,,,,,,,
"Ps-Ambrosius, Passio S Agnetis","Klosterneuburg, Stiftsbibliothek 193",186v-187v,A1f4,1490-1499,Klosterneuburg?,Latin,,,,,,,,,
"Augustine, Sermons","Klosterneuburg, Stiftsbibliothek 193","187v-188r, passim",A1f4,1490-1499,Klosterneuburg?,Latin,,,,,,,,,
"Ps-Augustine, Sermons","Klosterneuburg, Stiftsbibliothek 193","188r-189r, passim",A1f4,1490-1499,Klosterneuburg?,Latin,,,,,,,,,
Passio S Luciae,"Klosterneuburg, Stiftsbibliothek 193",189v-190r,A1f4,1490-1499,Klosterneuburg?,Latin,,,,,,,,,
Passio S Blasio,"Klosterneuburg, Stiftsbibliothek 193",193v-196r,A1f4,1490-1499,Klosterneuburg?,Latin,,,,,,,,,
Passio S Agathae,"Klosterneuburg, Stiftsbibliothek 193",196r-196v,A1f4,1490-1499,Klosterneuburg?,Latin,,,,,,,,,
Martyrdom of Matthew,"Klosterneuburg, Stiftsbibliothek 193",198r-199r,A1f4,1490-1499,Klosterneuburg?,Latin,,,,,,,,,
Vita S Gregorii,"Klosterneuburg, Stiftsbibliothek 193",199r-200v,A1f4,1490-1499,Klosterneuburg?,Latin,,,,,,,,,
"Gregory, Vita S Benedicti","Klosterneuburg, Stiftsbibliothek 193",200v-201v,A1f4,1490-1499,Klosterneuburg?,Latin,,,,,,,,,
Invention of the Cross,"Klosterneuburg, Stiftsbibliothek 193",202v-204r,A1f4,1490-1499,Klosterneuburg?,Latin,,,,,,,,,
Passio S Pangratii,"Klosterneuburg, Stiftsbibliothek 193",204r-204v,A1f4,1490-1499,Klosterneuburg?,Latin,,,,,,,,,
Passio S Barnabas,"Klosterneuburg, Stiftsbibliothek 193",204v-205r,A1f4,1490-1499,Klosterneuburg?,Latin,,,,,,,,,
Passio S Modesti,"Klosterneuburg, Stiftsbibliothek 193",206r-207r,A1f4,1490-1499,Klosterneuburg?,Latin,,,,,,,,,
"John Chrysostom, Sermons","Klosterneuburg, Stiftsbibliothek 193","211r-212v, passim",A1f4,1490-1499,Klosterneuburg?,Latin,,,,,,,,,
Passio S Margaretae,"Klosterneuburg, Stiftsbibliothek 193",212v-214r,A1f4,1490-1499,Klosterneuburg?,Latin,,,,,,,,,
Passio S Afrae,"Klosterneuburg, Stiftsbibliothek 193",218r-218v,A1f4,1490-1499,Klosterneuburg?,Latin,,,,,,,,,
Passio S Laurentii,"Klosterneuburg, Stiftsbibliothek 193",218v-219r,A1f4,1490-1499,Klosterneuburg?,Latin,,,,,,,,,
"Possidius, Vita S Augustini","Klosterneuburg, Stiftsbibliothek 193",221r-222r,A1f4,1490-1499,Klosterneuburg?,Latin,,,,,,,,,
"Peter Chrysologus, Sermons","Klosterneuburg, Stiftsbibliothek 193","222r-223v, passim",A1f4,1490-1499,Klosterneuburg?,Latin,,,,,,,,,
Exaltation of the Cross,"Klosterneuburg, Stiftsbibliothek 193",223v-225r,A1f4,1490-1499,Klosterneuburg?,Latin,,,,,,,,,
"Gregory, Homiliae in euangelia","Klosterneuburg, Stiftsbibliothek 193",225r-225v,A1f4,1490-1499,Klosterneuburg?,Latin,,,,,,,,,
"Jerome, Commentarius in euangelium Matthaei","Klosterneuburg, Stiftsbibliothek 193",227r-228r,A1f4,1490-1499,Klosterneuburg?,Latin,,Extracts,,,,,,,
Vita S Elizabethae,"Klosterneuburg, Stiftsbibliothek 193",229v-230r,A1f4,1490-1499,Klosterneuburg?,Latin,,,,,,,,,
Ps-Matthew,"Klosterneuburg, Stiftsbibliothek 193",232r-232v,A1f4,1490-1499,Klosterneuburg?,Latin,,3:3,,,,,,,
Passio S Dorotheae,"Klosterneuburg, Stiftsbibliothek 193",232v-233v,A1f4,1490-1499,Klosterneuburg?,Latin,,,,,,,,,
"Sulpicius Severus, Vita S Martini","Klosterneuburg, Stiftsbibliothek 193",233v-235r,A1f4,1490-1499,Klosterneuburg?,Latin,,,,,,,,,
Passio S Catherinae,"Klosterneuburg, Stiftsbibliothek 193",235r-236r,A1f4,1490-1499,Klosterneuburg?,Latin,,,,,,,,,
"Ps-Bede, Sermons","Klosterneuburg, Stiftsbibliothek 193",239r-243r,A1f4,1490-1499,Klosterneuburg?,Latin,,,,,,,,,
"Paul the Deacon, Sermons","Klosterneuburg, Stiftsbibliothek 193",243r-245r,A1f4,1490-1499,Klosterneuburg?,Latin,,,,,,,,,
"Haymo of Auxerre, Homiliary","Munich, BSB, Clm 28189",1r-243r,A1f5,1100-1199,Kaisheim,Latin,https://bildsuche.digitale-sammlungen.de/index.html?c=viewer&bandnummer=bsb00106063&pimage=00001&v=5p&nav=&l=nl,,,,,,,,
Hymns for Mary,"Munich, BSB, Clm 28189",243v,A1f5,1100-1199,Kaisheim,Latin,https://bildsuche.digitale-sammlungen.de/index.html?c=viewer&bandnummer=bsb00106063&pimage=00001&v=5p&nav=&l=nl,,,,,,,,
"Odo Morimundensis, Homiliae","Munich, BSB, Clm 28189",244r-259v,A1f5,1200-1299,Kaisheim,Latin,https://bildsuche.digitale-sammlungen.de/index.html?c=viewer&bandnummer=bsb00106063&pimage=00001&v=5p&nav=&l=nl,,,,,,,,
"Ps-Origen, Homiliae","Munich, BSB, Clm 28189",260r-264r,A1f5,1200-1299,Kaisheim,Latin,https://bildsuche.digitale-sammlungen.de/index.html?c=viewer&bandnummer=bsb00106063&pimage=00001&v=5p&nav=&l=nl,,,,,,,,
Ps-Matthew,"Munich, BSB, Clm 28189",260r-261r,A1f5,1200-1299,Kaisheim,Latin,https://bildsuche.digitale-sammlungen.de/index.html?c=viewer&bandnummer=bsb00106063&pimage=00001&v=5p&nav=&l=nl,1-5,,,,,,,
Ps-Matthew,"Dijon, BM 38",1-8,A1g1,1200-1299,Citeaux,Latin,,13-24,,,,,,,
Inf Gos Thom,"Dijon, BM 38",9-19,A1g1,1200-1299,Citeaux,Latin,,,,,,,,,
Miracles of the Virgin,"Dijon, BM 38",20-69,A1g1,1200-1299,Citeaux,Latin,,,,,,,,,
Exempla,"Dijon, BM 38",69-74,A1g1,1200-1299,Citeaux,Latin,,,,,,,,,
Sermons,"Dijon, BM 38",74-194,A1g1,1200-1299,Citeaux,Latin,,,,,,,,,
Quaestio animae et corporis,"Venice, BNM, lat. II. 65",1-11,A1i1,1300-1399,N Italy,Latin,,,,,,,,,
Prayers to the Virgin Mary,"Venice, BNM, lat. II. 65",12-13,A1i1,1300-1399,N Italy,Latin,,,,,,,,,
"Augustine, Sermons","Venice, BNM, lat. II. 65",17-20,A1i1,1300-1399,N Italy,Latin,,,,,,,,,
"Bernard, Sermons","Venice, BNM, lat. II. 65",20-29,A1i1,1300-1399,N Italy,Latin,,,,,,,,,
Hymn to the Cross,"Venice, BNM, lat. II. 65",29-30,A1i1,1300-1399,N Italy,Latin,,,,,,,,,
Breviary,"Venice, BNM, lat. II. 65",30-32,A1i1,1300-1399,N Italy,Latin,,extracts,,,,,,,
Ps-Matthew,"Venice, BNM, lat. II. 65",33-44,A1i1,1300-1399,N Italy,Latin,,,,,,,,,
"John Chrysostom, Sermons","Venice, BNM, lat. II. 65",47-56,A1i1,1300-1399,N Italy,Latin,,,,,,,,,
Gospel of Nicodemus,"Venice, BNM, lat. II. 65",59-78,A1i1,1300-1399,N Italy,Latin,,,,,,,,,
Questions between Christ and the Devil,"Venice, BNM, lat. II. 65",78-85,A1i1,1300-1399,N Italy,Latin,,,,,,,,,
"Bernard, Sermons","Venice, BNM, lat. II. 65",85-89,A1i1,1300-1399,N Italy,Latin,,,,,,,,,
"Honorius, Speculum ecclesiae","Erlangen, UB 281",1-54,A2a2,1190-1209,Heilbronn,Latin,,,,,,,,,
Sermons,"Erlangen, UB 281",55-119,A2a2,1190-1209,Heilbronn,Latin,,,,,,,,,
Ps-Matthew,"Erlangen, UB 281",120v-134r,A2a2,1190-1209,Heilbronn,Latin,,,,,,,,,
Transitus ?,"Erlangen, UB 281",134r-136v,A2a2,1190-1209,Heilbronn,Latin,,,,,,,,,
Sermons,"Erlangen, UB 281",136-144,A2a2,1190-1209,Heilbronn,Latin,,,,,,,,,
Verses,"Erlangen, UB 281",145,A2a2,1190-1209,Heilbronn,Latin,,,,,,,,,
Gospel of Nicodemus,"Munich, BSB, Clm 2625",1r-27v,A2a3,1200-1299,Aldersbach,Latin,,,,,,,,,
Verses,"Munich, BSB, Clm 2625",27v-28v,A2a3,1200-1299,Aldersbach,Latin,,,,,,,,,
Ps-Matthew,"Munich, BSB, Clm 2625",29r-37v,A2a3,1200-1299,Aldersbach,Latin,,8:4-18,,,,,,,
Fifteen Signs,"Munich, BSB, Clm 2625",38r,A2a3,1200-1299,Aldersbach,Latin,,,,,,,,,
Sunday Letter,"Munich, BSB, Clm 2625",39r,A2a3,1200-1299,Aldersbach,Latin,,,,,,,,,
Transitus Mariae (Ps-Melito),"Munich, BSB, Clm 2625",47v-55v,A2a3,1200-1299,Aldersbach,Latin,,,,,,,,,
Apocalypse of Paul,"Munich, BSB, Clm 2625",56r-59v,A2a3,1200-1299,Aldersbach,Latin,,,,,,,,,
"Hugo of St Victor, Chronicon","Fulda, Hessische LB, B.3",1r-56v,A2a4,1198-1208,Weingarten,Latin,,,,,,,,,
"Honorius, De imagine mundi","Fulda, Hessische LB, B.3",57r-69r,A2a4,1198-1208,Weingarten,Latin,,Lib. 3,,,,,,,
Life of Adam & Eve,"Fulda, Hessische LB, B.3",72r-78r,A2a4,1198-1208,Weingarten,Latin,,,,,,,,,
Ps-Matthew,"Fulda, Hessische LB, B.3",78r-88v,A2a4,1198-1208,Weingarten,Latin,,,,,,,,,
"Ps-Methodius, Apocalypse","Fulda, Hessische LB, B.3",88v-97v,A2a4,1198-1208,Weingarten,Latin,,,,,,,,,
"Peter Damian, De novissimis et Antichristo","Fulda, Hessische LB, B.3",97v-98r,A2a4,1198-1208,Weingarten,Latin,,Ch. 4,,,,,,,
"Ps-Bede, De septem mundi miraculis","Fulda, Hessische LB, B.3",98r-99r,A2a4,1198-1208,Weingarten,Latin,,,,,,,,,
"Prester John, Epistula ad Emanuelem imperatorem","Fulda, Hessische LB, B.3",99r-107r,A2a4,1198-1208,Weingarten,Latin,,,,,,,,,
"Fulgentius, Mythologies","Fulda, Hessische LB, B.3",107r-167v,A2a4,1198-1208,Weingarten,Latin,,,,,,,,,
"Martin of Opava, Chronicon pontificum et imperatorum","Paris, BNF, lat. 4970",1r-54v,A2a5,1300-1399,Normandy,Latin,,,,,,,,,
Ps-Matthew,"Paris, BNF, lat. 4970",54v-59r,A2a5,1300-1399,Normandy,Latin,,,,,,,,,
De vita et doctrina Mahumetis,"Paris, BNF, lat. 4970",59v-62r,A2a5,1300-1399,Normandy,Latin,,,,,,,,,
Gospel of Matthew,"Munich, BSB, Clm 22353",1-86,A2a6,1452,"Windberg, Ratisbonne",Latin,,,,,,,,,
Gospel of Mark,"Munich, BSB, Clm 22353",1-86,A2a6,1452,"Windberg, Ratisbonne",Latin,,,,,,,,,
Gospel of Luke,"Munich, BSB, Clm 22353",1-86,A2a6,1452,"Windberg, Ratisbonne",Latin,,,,,,,,,
Gospel of John,"Munich, BSB, Clm 22353",1-86,A2a6,1452,"Windberg, Ratisbonne",Latin,,,,,,,,,
Gospel of Nicodemus,"Munich, BSB, Clm 22353",86-95,A2a6,1452,"Windberg, Ratisbonne",Latin,,,,,,,,,
Ps-Matthew,"Munich, BSB, Clm 22353",95-101,A2a6,1452,"Windberg, Ratisbonne",Latin,,"Epilogue states that it was copied ""anno domini MCCCCLII in uigilia Egidii confessoris""",,,,,,,
"Berthold Teuto, Compilatio de passione Christi","Munich, BSB, Clm 22353",101-114,A2a6,1452,"Windberg, Ratisbonne",Latin,,,,,,,,,
"Isidore, Epistola ad Orosium","Munich, BSB, Clm 22353",114-128,A2a6,1452,"Windberg, Ratisbonne",Latin,,,,,,,,,
"Gregory, Dialogues","Munich, BSB, Clm 22353",128-196,A2a6,1452,"Windberg, Ratisbonne",Latin,,,,,,,,,
Oculus sacerdotis,"Munich, BSB, Clm 22353",196-309,A2a6,1452,"Windberg, Ratisbonne",Latin,,"Written by a certain ""Georg. Aetinger,"" ""plebanus in Aytterhofen""",,,,,,,
Vita SS Syri et Niuentii,"Einsiedeln, Stiftsbibliothek 250",3-25,A2b1,1150,Einsiedeln,Latin,https://www.e-codices.unifr.ch/en/sbe/0250/,,,,,,,,
Passio S Eullalie,"Einsiedeln, Stiftsbibliothek 250",25-31,A2b1,1150,Einsiedeln,Latin,https://www.e-codices.unifr.ch/en/sbe/0250/,,,,,,,,
Passio S Valenti,"Einsiedeln, Stiftsbibliothek 250",31-38,A2b1,1150,Einsiedeln,Latin,https://www.e-codices.unifr.ch/en/sbe/0250/,,,,,,,,
Passio SS Mariae et Marthe et Valentini,"Einsiedeln, Stiftsbibliothek 250",38-49,A2b1,1150,Einsiedeln,Latin,https://www.e-codices.unifr.ch/en/sbe/0250/,,,,,,,,
Passio S Iulianae,"Einsiedeln, Stiftsbibliothek 250",49-60,A2b1,1150,Einsiedeln,Latin,https://www.e-codices.unifr.ch/en/sbe/0250/,,,,,,,,
Vita S Walpurgae,"Einsiedeln, Stiftsbibliothek 250",61-74,A2b1,1150,Einsiedeln,Latin,https://www.e-codices.unifr.ch/en/sbe/0250/,,,,,,,,
Passio S Magrae,"Einsiedeln, Stiftsbibliothek 250",74-78,A2b1,1150,Einsiedeln,Latin,https://www.e-codices.unifr.ch/en/sbe/0250/,,,,,,,,
Passio SS Perpetuae et Felicitatis,"Einsiedeln, Stiftsbibliothek 250",78-90,A2b1,1150,Einsiedeln,Latin,https://www.e-codices.unifr.ch/en/sbe/0250/,,,,,,,,
Passio SS Quadragina Militum,"Einsiedeln, Stiftsbibliothek 250",90-101,A2b1,1150,Einsiedeln,Latin,https://www.e-codices.unifr.ch/en/sbe/0250/,,,,,,,,
Passio S Gertrudis,"Einsiedeln, Stiftsbibliothek 250",101-111,A2b1,1150,Einsiedeln,Latin,https://www.e-codices.unifr.ch/en/sbe/0250/,,,,,,,,
Passio S Gertrudis,"Einsiedeln, Stiftsbibliothek 250",111-129,A2b1,1150,Einsiedeln,Latin,https://www.e-codices.unifr.ch/en/sbe/0250/,,,,,,,,
Passio S Pimenii,"Einsiedeln, Stiftsbibliothek 250",129-136,A2b1,1150,Einsiedeln,Latin,https://www.e-codices.unifr.ch/en/sbe/0250/,,,,,,,,
Vita S Leonis,"Einsiedeln, Stiftsbibliothek 250",136-214,A2b1,1150,Einsiedeln,Latin,https://www.e-codices.unifr.ch/en/sbe/0250/,,,,,,,,
Passio Trutperti Heremite,"Einsiedeln, Stiftsbibliothek 250",214-224,A2b1,1150,Einsiedeln,Latin,https://www.e-codices.unifr.ch/en/sbe/0250/,,,,,,,,
Vita SS Alexandri et Athanasii,"Einsiedeln, Stiftsbibliothek 250",224-231,A2b1,1150,Einsiedeln,Latin,https://www.e-codices.unifr.ch/en/sbe/0250/,,,,,,,,
Vita S Iuuenalis,"Einsiedeln, Stiftsbibliothek 250",232-236,A2b1,1150,Einsiedeln,Latin,https://www.e-codices.unifr.ch/en/sbe/0250/,,,,,,,,
Passio S Quiriaci,"Einsiedeln, Stiftsbibliothek 250",236-247,A2b1,1150,Einsiedeln,Latin,https://www.e-codices.unifr.ch/en/sbe/0250/,,,,,,,,
"Passio SS Virginum Fideo, Spei, et Caritatis","Einsiedeln, Stiftsbibliothek 250",247-257,A2b1,1150,Einsiedeln,Latin,https://www.e-codices.unifr.ch/en/sbe/0250/,,,,,,,,
Passio SS Septem fratrum filiorum S Felicitatis,"Einsiedeln, Stiftsbibliothek 250",257-277,A2b1,1150,Einsiedeln,Latin,https://www.e-codices.unifr.ch/en/sbe/0250/,,,,,,,,
Translatio S Alexandri,"Einsiedeln, Stiftsbibliothek 250",277-286,A2b1,1150,Einsiedeln,Latin,https://www.e-codices.unifr.ch/en/sbe/0250/,,,,,,,,
Vita S Arbogasti,"Einsiedeln, Stiftsbibliothek 250",286-292,A2b1,1150,Einsiedeln,Latin,https://www.e-codices.unifr.ch/en/sbe/0250/,,,,,,,,
Vita S Abrahem,"Einsiedeln, Stiftsbibliothek 250",292-310,A2b1,1150,Einsiedeln,Latin,https://www.e-codices.unifr.ch/en/sbe/0250/,,,,,,,,
Penetentia S Mariae neptis,"Einsiedeln, Stiftsbibliothek 250",310-322,A2b1,1150,Einsiedeln,Latin,https://www.e-codices.unifr.ch/en/sbe/0250/,,,,,,,,
Passio S Felicis,"Einsiedeln, Stiftsbibliothek 250",322-332,A2b1,1150,Einsiedeln,Latin,https://www.e-codices.unifr.ch/en/sbe/0250/,,,,,,,,
De Puero taseamt Maria Liberato,"Einsiedeln, Stiftsbibliothek 250",332-333,A2b1,1150,Einsiedeln,Latin,https://www.e-codices.unifr.ch/en/sbe/0250/,,,,,,,,
Ps-Matthew,"Einsiedeln, Stiftsbibliothek 250",333-362,A2b1,1150,Einsiedeln,Latin,https://www.e-codices.unifr.ch/en/sbe/0250/,,,,,,,,
Transitus Mariae (Ps-Melito),"Einsiedeln, Stiftsbibliothek 250",362-375,A2b1,1150,Einsiedeln,Latin,https://www.e-codices.unifr.ch/en/sbe/0250/,,,,,,,,
Gospel of Nicodemus,"Einsiedeln, Stiftsbibliothek 250",375-412,A2b1,1150,Einsiedeln,Latin,https://www.e-codices.unifr.ch/en/sbe/0250/,,,,,,,,
Letter of Herod to Pilate,"Einsiedeln, Stiftsbibliothek 250",412-413,A2b1,1150,Einsiedeln,Latin,https://www.e-codices.unifr.ch/en/sbe/0250/,"From Eusebius, HE",,,,,,,
De erroribus Origenis,"Einsiedeln, Stiftsbibliothek 250",413-414,A2b1,1150,Einsiedeln,Latin,https://www.e-codices.unifr.ch/en/sbe/0250/,,,,,,,,
"Jerome, Epistula ad Desiderium De XII lectoribus","Einsiedeln, Stiftsbibliothek 250",414-418,A2b1,1150,Einsiedeln,Latin,https://www.e-codices.unifr.ch/en/sbe/0250/,,,,,,,,
De Antichristo,"Einsiedeln, Stiftsbibliothek 250",418-421,A2b1,1150,Einsiedeln,Latin,https://www.e-codices.unifr.ch/en/sbe/0250/,,,,,,,,
Fifteen Signs,"Einsiedeln, Stiftsbibliothek 250",421-423,A2b1,1150,Einsiedeln,Latin,https://www.e-codices.unifr.ch/en/sbe/0250/,,,,,,,,
Ps-Matthew,"Einsiedeln, Stiftsbibliothek 370, frag. 12",1,A2b2,1100-1199,,Latin,,12:1-13:3; from Einsiedeln 250?,,,,,,,
Ps-Matthew,"Stuttgart, WLB, Cod. theol. phil. 8° 57",1r-32r,A2b3,1100-1199,Zwiefalten,Latin,,,,,,,,,
Transitus Mariae (Ps-Melito),"Stuttgart, WLB, Cod. theol. phil. 8° 57",32r-45v,A2b3,1100-1199,Zwiefalten,Latin,,,,,,,,,
Gospel of Nicodemus,"Stuttgart, WLB, Cod. theol. phil. 8° 57",45v-82v,A2b3,1100-1199,Zwiefalten,Latin,,,,,,,,,
Legend of Veronica,"Stuttgart, WLB, Cod. theol. phil. 8° 57",,A2b3,1100-1199,Zwiefalten,Latin,,BHL 4222,,,,,,,
Letter of Herod to Pilate,"Stuttgart, WLB, Cod. theol. phil. 8° 57",,A2b3,1100-1199,Zwiefalten,Latin,,"From Eusebius, HE",,,,,,,
De erroribus Origenis,"Stuttgart, WLB, Cod. theol. phil. 8° 57",,A2b3,1100-1199,Zwiefalten,Latin,,,,,,,,,
"Jerome, Epistula ad Desiderium De XII lectoribus","Stuttgart, WLB, Cod. theol. phil. 8° 57",,A2b3,1100-1199,Zwiefalten,Latin,,,,,,,,,
Navigatio S Brendani,"Stuttgart, WLB, Cod. theol. phil. 8° 57",90-135,A2b3,1100-1199,Zwiefalten,Latin,,,,,,,,,
"Jacques Palladini, Consolatio peccatorum","Colmar, BM 81",2r-108v,A2b4,1442-1443,Lautenbach,Latin,,"Ends: ""Scriptum per me Johannem Knebel, et finitum die conversionis sancti Pauli, anno Domini M CCCC XLIIo""",https://ccfr.bnf.fr/portailccfr/ark:/06871/004D52010833,,,,,,
"Gregory, Homiliae in euangelia","Colmar, BM 81",111r-116v,A2b4,1442-1443,Lautenbach,Latin,,,,,,,,,
Ps-Matthew,"Colmar, BM 81",119r-125v,A2b4,1442-1443,Lautenbach,Latin,,,,,,,,,
Transitus Mariae (Ps-Melito),"Colmar, BM 81",125v-128r,A2b4,1442-1443,Lautenbach,Latin,,,,,,,,,
"Maximus of Turin, Sermons","Colmar, BM 81",128r-129v,A2b4,1442-1443,Lautenbach,Latin,,,,,,,,,
"Leo, Sermons","Colmar, BM 81",129v-131v,A2b4,1442-1443,Lautenbach,Latin,,,,,,,,,
"Jean of Fribourg, De eucharistia","Colmar, BM 81",132r-151v,A2b4,1442-1443,Lautenbach,Latin,,,,,,,,,
"Hugues de Strasbourg, Compendium theologicae veritatis","Colmar, BM 81",163r-307v,A2b4,1442-1443,Lautenbach,Latin,,,,,,,,,
"Jacobus de Voragine, Legenda Aurea","Innsbruck, UB 342",1r-152v,A2b5,1300-1399,Brixen,Latin,,Imperfect: leaves have been removed,,,,,,,
Ps-Matthew,"Innsbruck, UB 342",153r-158r,A2b5,1300-1399,Brixen,Latin,,Acephalous: leaves have been removed; begins at 8:3,,,,,,,
Gospel of Nicodemus,"Innsbruck, UB 342",158r-170,A2b5,1300-1399,Brixen,Latin,,,,,,,,,
Passio S Christophori,"Paris, BNF, nouv. acq. lat. 1605 ",1r-3v,P1b3,800-899,Orleans,Latin,,,,,,,,,
Gospel of Nicodemus,"Paris, BNF, nouv. acq. lat. 1605 ",4r-16v,P1b3,800-899,Orleans,Latin,,,,,,,,,
Ps-Matthew,"Paris, BNF, nouv. acq. lat. 1605 ",16v-26v,P1b3,800-899,Orleans,Latin,,,,,,,,,
Transitus Mariae (Ps-Melito),"Paris, BNF, nouv. acq. lat. 1605 ",26v-30v,P1b3,800-899,Orleans,Latin,,,,,,,,,
Miracles of the Virgin,"Paris, BNF, nouv. acq. lat. 1605 ",30v-32v,P1b3,800-899,Orleans,Latin,,,,,,,,,
"Ps-Augustine, Sermons","Paris, BNF, nouv. acq. lat. 1605 ",32v-35v,P1b3,800-899,Orleans,Latin,,,,,,,,,
"Passio SS Sixti, Laurentii, et Hippolyti","Paris, BNF, nouv. acq. lat. 1605 ",35v-38r,P1b3,800-899,Orleans,Latin,,,,,,,,,
Passio S Laurenti,"Paris, BNF, nouv. acq. lat. 1605 ",38r-43r,P1b3,800-899,Orleans,Latin,,,,,,,,,
"Defensor, Liber Scintillarum","Paris, BNF, nouv. acq. lat. 1605 ",44r-46v,P1b3,800-899,Orleans,Latin,,,,,,,,,
Ps-Matthew,"Vatican, BAV, Pal. lat. 430",133r-139v,P1c1,840,SW Germany,Latin,http://digi.ub.uni-heidelberg.de/diglit/bav_pal_lat_430,1:1-13:5,,,,,,,
Sermons,"Vatican, BAV, Pal. lat. 430",passim,P1c1,840,SW Germany,Latin,http://digi.ub.uni-heidelberg.de/diglit/bav_pal_lat_430,,,,,,,,
Apparitio S Michaelis,"Vatican, BAV, Pal. lat. 430",184r-185v,P1c1,840,SW Germany,Latin,http://digi.ub.uni-heidelberg.de/diglit/bav_pal_lat_430,,,,,,,,
Transitus Mariae (Ps-Melito),"Vatican, BAV, Pal. lat. 430",109r-110v,P1c1,840,SW Germany,Latin,http://digi.ub.uni-heidelberg.de/diglit/bav_pal_lat_430,,,,,,,,
Ps-Matthew,"Karlsruhe, Bad. Land., Frag. 94 ",1,P1y1,850,Reichenau,Latin,,"Fragment of 1 folio, 8:3-5",,,,,,,
Ps-Matthew,"Vatican, BAV, Reg. lat. 648",7r-23v,Q1a1,1190-1210,Rheims,Latin,https://digi.vatlib.it/mss/detail/Reg.lat.648,,,,,,,,
Inf Gos Thom,"Vatican, BAV, Reg. lat. 648",23v-27v,Q1a1,1190-1210,Rheims,Latin,https://digi.vatlib.it/mss/detail/Reg.lat.648,,,,,,,,
Gospel of Nicodemus,"Vatican, BAV, Reg. lat. 648",27v-44r,Q1a1,1190-1210,Rheims,Latin,https://digi.vatlib.it/mss/detail/Reg.lat.648,,,,,,,,
Healing of Tiberius,"Vatican, BAV, Reg. lat. 648",44v-48r,Q1a1,1190-1210,Rheims,Latin,https://digi.vatlib.it/mss/detail/Reg.lat.648,,,,,,,,
Nerone pessimo persecutore christianorum,"Vatican, BAV, Reg. lat. 648",48v-49v,Q1a1,1190-1210,Rheims,Latin,https://digi.vatlib.it/mss/detail/Reg.lat.648,,,,,,,,
De Domitiano Caesare,"Vatican, BAV, Reg. lat. 648",49v-50r,Q1a1,1190-1210,Rheims,Latin,https://digi.vatlib.it/mss/detail/Reg.lat.648,,,,,,,,
"Ephiphanius, Life of the Virgin Mary","Vatican, BAV, Reg. lat. 648",50r-57v,Q1a1,1190-1210,Rheims,Latin,https://digi.vatlib.it/mss/detail/Reg.lat.648,BHL 5345,,,,,,,
Letters of Alan of Tewkesbury,CCCC 288,1r-9v,Q4a1,1100-1299,"Christ Church, Canterbury",Latin,https://parker.stanford.edu/parker/catalog/bx369vf7033,,,,,,,,
De ecclesiasticis officiis secundum Ieronimum,CCCC 288,10r-33v,Q4a1,1100-1299,"Christ Church, Canterbury",Latin,https://parker.stanford.edu/parker/catalog/bx369vf7033,,,,,,,,
"Remigius of Auxerre, Expositio missae",CCCC 288,34r-37v,Q4a1,1100-1299,"Christ Church, Canterbury",Latin,https://parker.stanford.edu/parker/catalog/bx369vf7033,,,,,,,,
Gospel of Nicodemus,CCCC 288,38r-54r,Q4a1,1100-1299,"Christ Church, Canterbury",Latin,https://parker.stanford.edu/parker/catalog/bx369vf7033,,,,,,,,
Vengeance of the Savior,CCCC 288,54v-65v,Q4a1,1100-1299,"Christ Church, Canterbury",Latin,https://parker.stanford.edu/parker/catalog/bx369vf7033,,,,,,,,
Ps-Matthew,CCCC 288,65v-78v,Q4a1,1100-1299,"Christ Church, Canterbury",Latin,https://parker.stanford.edu/parker/catalog/bx369vf7033,,,,,,,,
Inf Gos Thom,CCCC 288,78v-82r,Q4a1,1100-1299,"Christ Church, Canterbury",Latin,https://parker.stanford.edu/parker/catalog/bx369vf7033,,,,,,,,
Post peccatum Adae,CCCC 288,82r-84v,Q4a1,1100-1299,"Christ Church, Canterbury",Latin,https://parker.stanford.edu/parker/catalog/bx369vf7033,,,,,,,,
Exempla,CCCC 288,84-88r,Q4a1,1100-1299,"Christ Church, Canterbury",Latin,https://parker.stanford.edu/parker/catalog/bx369vf7033,,,,,,,,
Joseph and Asenath,CCCC 288,88r-98r,Q4a1,1100-1299,"Christ Church, Canterbury",Latin,https://parker.stanford.edu/parker/catalog/bx369vf7033,,,,,,,,
"Ps-Methodius, Revelations",CCCC 288,98v-101v,Q4a1,1100-1299,"Christ Church, Canterbury",Latin,https://parker.stanford.edu/parker/catalog/bx369vf7033,,,,,,,,
"Hildegard of Bingen, Letter to the Clergy of Cologne",CCCC 288,101v-104r,Q4a1,1100-1299,"Christ Church, Canterbury",Latin,https://parker.stanford.edu/parker/catalog/bx369vf7033,,,,,,,,
De Tartaris,CCCC 288,104r-106v,Q4a1,1100-1299,"Christ Church, Canterbury",Latin,https://parker.stanford.edu/parker/catalog/bx369vf7033,dated 1239,,,,,,,
"Letters of Frederick II, Holy Roman Emperor",CCCC 288,106v-109r,Q4a1,1100-1299,"Christ Church, Canterbury",Latin,https://parker.stanford.edu/parker/catalog/bx369vf7033,,,,,,,,
Gravamina Anglorum adversum potestatem papae,CCCC 288,109v-110v,Q4a1,1100-1299,"Christ Church, Canterbury",Latin,https://parker.stanford.edu/parker/catalog/bx369vf7033,,,,,,,,
"Glosses on Kings, Tobit, Judith, Esther, Daniel, Maccabees",CCCC 288,111r-125v,Q4a1,1100-1299,"Christ Church, Canterbury",Latin,https://parker.stanford.edu/parker/catalog/bx369vf7033,,,,,,,,
"Gregory, Dialogues","Berlin, SB, Preus. Kult., Theol. lat. qu. 369",1r-34r,R1b4,1200-1299,N France,Latin,http://bilder.manuscripta-mediaevalia.de/hs/katalogseiten/HSK0009_a214_jpg.htm,"books I, III, IV",,,,,,,
Miracles of the Virgin,"Berlin, SB, Preus. Kult., Theol. lat. qu. 369",35r-46r,R1b4,1200-1299,N France,Latin,http://bilder.manuscripta-mediaevalia.de/hs/katalogseiten/HSK0009_a214_jpg.htm,BHL 5357-5359,,,,,,,
"Jacobus, Golden Legend","Berlin, SB, Preus. Kult., Theol. lat. qu. 369","50r-51v, 52r-55v",R1b4,1200-1299,N France,Latin,http://bilder.manuscripta-mediaevalia.de/hs/katalogseiten/HSK0009_a214_jpg.htm,extracts,,,,,,,
"Innocent III, De sacro altaris mysterio","Berlin, SB, Preus. Kult., Theol. lat. qu. 369",51v-52r,R1b4,1200-1299,N France,Latin,http://bilder.manuscripta-mediaevalia.de/hs/katalogseiten/HSK0009_a214_jpg.htm,,,,,,,,
"Gilbert, Chronicon pontificum et imperatorum","Berlin, SB, Preus. Kult., Theol. lat. qu. 369",55v-58r,R1b4,1200-1299,N France,Latin,http://bilder.manuscripta-mediaevalia.de/hs/katalogseiten/HSK0009_a214_jpg.htm,,,,,,,,
Sermons,"Berlin, SB, Preus. Kult., Theol. lat. qu. 369",58r-v,R1b4,1200-1299,N France,Latin,http://bilder.manuscripta-mediaevalia.de/hs/katalogseiten/HSK0009_a214_jpg.htm,,,,,,,,
Ps-Matthew,"Berlin, SB, Preus. Kult., Theol. lat. qu. 369",58v-64r,R1b4,1200-1299,N France,Latin,http://bilder.manuscripta-mediaevalia.de/hs/katalogseiten/HSK0009_a214_jpg.htm,,,,,,,,
Gospel of Nicodemus,"Berlin, SB, Preus. Kult., Theol. lat. qu. 369",64r-65v,R1b4,1200-1299,N France,Latin,http://bilder.manuscripta-mediaevalia.de/hs/katalogseiten/HSK0009_a214_jpg.htm,1:1-13:2,,,,,,,
Life of Adam & Eve,"Berlin, SB, Preus. Kult., Theol. lat. qu. 369",66r-67v,R1b4,1200-1299,N France,Latin,http://bilder.manuscripta-mediaevalia.de/hs/katalogseiten/HSK0009_a214_jpg.htm,,,,,,,,
De poenis inferni,"Berlin, SB, Preus. Kult., Theol. lat. qu. 369",67v-68r,R1b4,1200-1299,N France,Latin,http://bilder.manuscripta-mediaevalia.de/hs/katalogseiten/HSK0009_a214_jpg.htm,Macharius? PL 73.797-98,,,,,,,
Sententiae,"Berlin, SB, Preus. Kult., Theol. lat. qu. 369",68r-70v,R1b4,1200-1299,N France,Latin,http://bilder.manuscripta-mediaevalia.de/hs/katalogseiten/HSK0009_a214_jpg.htm,,,,,,,,
Ps-Matthew,"Paris, BNF, lat. 5560",1-39,R2c1,1290-1310,?,Latin,,,,,,,,,
Martyrdom of Peter and Paul,"Montpellier, BFM 55",2r-8v,Ja1,800,Metz,Latin,http://www.biu-montpellier.fr/florabium/jsp/nodoc.jsp?NODOC=2014_DOC_MON1_MBUM_53,,,,,,,,
Martyrdom of Andrew,"Montpellier, BFM 55",8v-11v,Ja1,800,Metz,Latin,http://www.biu-montpellier.fr/florabium/jsp/nodoc.jsp?NODOC=2014_DOC_MON1_MBUM_53,,,,,,,,
Martyrdom of James the Less,"Montpellier, BFM 55",11v-12r,Ja1,800,Metz,Latin,http://www.biu-montpellier.fr/florabium/jsp/nodoc.jsp?NODOC=2014_DOC_MON1_MBUM_53,,,,,,,,
Martyrdom of John (Ps-Melito),"Montpellier, BFM 55",12r-17v,Ja1,800,Metz,Latin,http://www.biu-montpellier.fr/florabium/jsp/nodoc.jsp?NODOC=2014_DOC_MON1_MBUM_53,,,,,,,,
Martyrdom of James the Great,"Montpellier, BFM 55",17v-20r,Ja1,800,Metz,Latin,http://www.biu-montpellier.fr/florabium/jsp/nodoc.jsp?NODOC=2014_DOC_MON1_MBUM_53,,,,,,,,
Martyrdom of Thomas,"Montpellier, BFM 55",20r-21v,Ja1,800,Metz,Latin,http://www.biu-montpellier.fr/florabium/jsp/nodoc.jsp?NODOC=2014_DOC_MON1_MBUM_53,,,,,,,,
Martyrdom of Bartholomew,"Montpellier, BFM 55",21v-25v,Ja1,800,Metz,Latin,http://www.biu-montpellier.fr/florabium/jsp/nodoc.jsp?NODOC=2014_DOC_MON1_MBUM_53,,,,,,,,
Martyrdom of Matthew,"Montpellier, BFM 55",25v-30v,Ja1,800,Metz,Latin,http://www.biu-montpellier.fr/florabium/jsp/nodoc.jsp?NODOC=2014_DOC_MON1_MBUM_53,,,,,,,,
Martyrdom of Simon and Jude,"Montpellier, BFM 55",30v-35v,Ja1,800,Metz,Latin,http://www.biu-montpellier.fr/florabium/jsp/nodoc.jsp?NODOC=2014_DOC_MON1_MBUM_53,,,,,,,,
Martyrdom of Philip,"Montpellier, BFM 55",35v-36v,Ja1,800,Metz,Latin,http://www.biu-montpellier.fr/florabium/jsp/nodoc.jsp?NODOC=2014_DOC_MON1_MBUM_53,,,,,,,,
Passio S Quintini,"Montpellier, BFM 55",36v-41r,Ja1,800,Metz,Latin,http://www.biu-montpellier.fr/florabium/jsp/nodoc.jsp?NODOC=2014_DOC_MON1_MBUM_53,,,,,,,,
Vita S Vedasti,"Montpellier, BFM 55",41r-45r,Ja1,800,Metz,Latin,http://www.biu-montpellier.fr/florabium/jsp/nodoc.jsp?NODOC=2014_DOC_MON1_MBUM_53,,,,,,,,
Passio S Dionysii,"Montpellier, BFM 55",45r-46v,Ja1,800,Metz,Latin,http://www.biu-montpellier.fr/florabium/jsp/nodoc.jsp?NODOC=2014_DOC_MON1_MBUM_53,,,,,,,,
Vita B Remigii,"Montpellier, BFM 55",46v-48v,Ja1,800,Metz,Latin,http://www.biu-montpellier.fr/florabium/jsp/nodoc.jsp?NODOC=2014_DOC_MON1_MBUM_53,,,,,,,,
Vita S Paterni,"Montpellier, BFM 55",48v-51r,Ja1,800,Metz,Latin,http://www.biu-montpellier.fr/florabium/jsp/nodoc.jsp?NODOC=2014_DOC_MON1_MBUM_53,,,,,,,,
Vita S Clementis,"Montpellier, BFM 55",51r-54v,Ja1,800,Metz,Latin,http://www.biu-montpellier.fr/florabium/jsp/nodoc.jsp?NODOC=2014_DOC_MON1_MBUM_53,,,,,,,,
Vita S Silvestri,"Montpellier, BFM 55",54v-71v,Ja1,800,Metz,Latin,http://www.biu-montpellier.fr/florabium/jsp/nodoc.jsp?NODOC=2014_DOC_MON1_MBUM_53,,,,,,,,
Passio S Agatae,"Montpellier, BFM 55",71v-74r,Ja1,800,Metz,Latin,http://www.biu-montpellier.fr/florabium/jsp/nodoc.jsp?NODOC=2014_DOC_MON1_MBUM_53,,,,,,,,
Passio S Luciae,"Montpellier, BFM 55",74r-76r,Ja1,800,Metz,Latin,http://www.biu-montpellier.fr/florabium/jsp/nodoc.jsp?NODOC=2014_DOC_MON1_MBUM_53,,,,,,,,
Passio S Ensemiae,"Montpellier, BFM 55",76r-80v,Ja1,800,Metz,Latin,http://www.biu-montpellier.fr/florabium/jsp/nodoc.jsp?NODOC=2014_DOC_MON1_MBUM_53,,,,,,,,
Passio SS Chrisantii et Dariae,"Montpellier, BFM 55",80v-87v,Ja1,800,Metz,Latin,http://www.biu-montpellier.fr/florabium/jsp/nodoc.jsp?NODOC=2014_DOC_MON1_MBUM_53,,,,,,,,
Vita S Gertrudis,"Montpellier, BFM 55",87v-93v,Ja1,800,Metz,Latin,http://www.biu-montpellier.fr/florabium/jsp/nodoc.jsp?NODOC=2014_DOC_MON1_MBUM_53,,,,,,,,
Vita B Audoini,"Montpellier, BFM 55",93v,Ja1,800,Metz,Latin,http://www.biu-montpellier.fr/florabium/jsp/nodoc.jsp?NODOC=2014_DOC_MON1_MBUM_53,,,,,,,,
Ps-Matthew,"Montpellier, BFM 55",94r-97v,Ja1,800,Metz,Latin,http://www.biu-montpellier.fr/florabium/jsp/nodoc.jsp?NODOC=2014_DOC_MON1_MBUM_53,Part of J Compilation,,,,,,,
Transitus Mariae (Ps-Melito),"Montpellier, BFM 55",97v-101r,Ja1,800,Metz,Latin,http://www.biu-montpellier.fr/florabium/jsp/nodoc.jsp?NODOC=2014_DOC_MON1_MBUM_53,,,,,,,,
Passio S Iuliae,"Montpellier, BFM 55",101r-102v,Ja1,800,Metz,Latin,http://www.biu-montpellier.fr/florabium/jsp/nodoc.jsp?NODOC=2014_DOC_MON1_MBUM_53,,,,,,,,
Vita S Melani,"Montpellier, BFM 55",102v-104r,Ja1,800,Metz,Latin,http://www.biu-montpellier.fr/florabium/jsp/nodoc.jsp?NODOC=2014_DOC_MON1_MBUM_53,,,,,,,,
Vita S Eufraxiae,"Montpellier, BFM 55",104r-112r,Ja1,800,Metz,Latin,http://www.biu-montpellier.fr/florabium/jsp/nodoc.jsp?NODOC=2014_DOC_MON1_MBUM_53,,,,,,,,
Acts of Paul & Thecla,"Montpellier, BFM 55",112r-118r,Ja1,800,Metz,Latin,http://www.biu-montpellier.fr/florabium/jsp/nodoc.jsp?NODOC=2014_DOC_MON1_MBUM_53,,,,,,,,
Passio S Marinae,"Montpellier, BFM 55",118r-122v,Ja1,800,Metz,Latin,http://www.biu-montpellier.fr/florabium/jsp/nodoc.jsp?NODOC=2014_DOC_MON1_MBUM_53,,,,,,,,
Passio S Eufemiae,"Montpellier, BFM 55",122v-126v,Ja1,800,Metz,Latin,http://www.biu-montpellier.fr/florabium/jsp/nodoc.jsp?NODOC=2014_DOC_MON1_MBUM_53,,,,,,,,
Passio B Ceciliae,"Montpellier, BFM 55",126v-131r,Ja1,800,Metz,Latin,http://www.biu-montpellier.fr/florabium/jsp/nodoc.jsp?NODOC=2014_DOC_MON1_MBUM_53,,,,,,,,
Passio SS Valeriani et Tiburtii,"Montpellier, BFM 55",131r-135r,Ja1,800,Metz,Latin,http://www.biu-montpellier.fr/florabium/jsp/nodoc.jsp?NODOC=2014_DOC_MON1_MBUM_53,,,,,,,,
Converio et passio S Afrae,"Montpellier, BFM 55",135r-139r,Ja1,800,Metz,Latin,http://www.biu-montpellier.fr/florabium/jsp/nodoc.jsp?NODOC=2014_DOC_MON1_MBUM_53,,,,,,,,
Vita S Eufrosinae,"Montpellier, BFM 55",139r-142v,Ja1,800,Metz,Latin,http://www.biu-montpellier.fr/florabium/jsp/nodoc.jsp?NODOC=2014_DOC_MON1_MBUM_53,,,,,,,,
Vita S Eugeniae,"Montpellier, BFM 55",143v-151r,Ja1,800,Metz,Latin,http://www.biu-montpellier.fr/florabium/jsp/nodoc.jsp?NODOC=2014_DOC_MON1_MBUM_53,,,,,,,,
Passio S Columbae,"Montpellier, BFM 55",151r-152v,Ja1,800,Metz,Latin,http://www.biu-montpellier.fr/florabium/jsp/nodoc.jsp?NODOC=2014_DOC_MON1_MBUM_53,,,,,,,,
Passio SS Fructuosi episcopi Augurii et Euloci diaconorum,"Montpellier, BFM 55",152v-153v,Ja1,800,Metz,Latin,http://www.biu-montpellier.fr/florabium/jsp/nodoc.jsp?NODOC=2014_DOC_MON1_MBUM_53,,,,,,,,
Passio S Patrocli,"Montpellier, BFM 55",153v-156r,Ja1,800,Metz,Latin,http://www.biu-montpellier.fr/florabium/jsp/nodoc.jsp?NODOC=2014_DOC_MON1_MBUM_53,,,,,,,,
"Passio S Speosippi, Eleosippi, et Meleusippi","Montpellier, BFM 55",156r-160v,Ja1,800,Metz,Latin,http://www.biu-montpellier.fr/florabium/jsp/nodoc.jsp?NODOC=2014_DOC_MON1_MBUM_53,,,,,,,,
Martyrum S Babillae,"Montpellier, BFM 55",160v-163r,Ja1,800,Metz,Latin,http://www.biu-montpellier.fr/florabium/jsp/nodoc.jsp?NODOC=2014_DOC_MON1_MBUM_53,,,,,,,,
Vita S Sabinae,"Montpellier, BFM 55",163r-166r,Ja1,800,Metz,Latin,http://www.biu-montpellier.fr/florabium/jsp/nodoc.jsp?NODOC=2014_DOC_MON1_MBUM_53,,,,,,,,
Passio S Paulae,"Montpellier, BFM 55",166r-179r,Ja1,800,Metz,Latin,http://www.biu-montpellier.fr/florabium/jsp/nodoc.jsp?NODOC=2014_DOC_MON1_MBUM_53,,,,,,,,
Protevangelium of James,"Montpellier, BFM 55",179r-183v,Ja1,800,Metz,Latin,http://www.biu-montpellier.fr/florabium/jsp/nodoc.jsp?NODOC=2014_DOC_MON1_MBUM_53,8-25,,,,,,,
Passio S Dorotheae et Tiopholi,"Montpellier, BFM 55",183v-184r,Ja1,800,Metz,Latin,http://www.biu-montpellier.fr/florabium/jsp/nodoc.jsp?NODOC=2014_DOC_MON1_MBUM_53,,,,,,,,
Passio S Iulianae,"Montpellier, BFM 55",184v-188v,Ja1,800,Metz,Latin,http://www.biu-montpellier.fr/florabium/jsp/nodoc.jsp?NODOC=2014_DOC_MON1_MBUM_53,,,,,,,,
Vita S Marcelli,"Montpellier, BFM 55",188v-191r,Ja1,800,Metz,Latin,http://www.biu-montpellier.fr/florabium/jsp/nodoc.jsp?NODOC=2014_DOC_MON1_MBUM_53,,,,,,,,
Passio S Privati,"Montpellier, BFM 55",191r-192v,Ja1,800,Metz,Latin,http://www.biu-montpellier.fr/florabium/jsp/nodoc.jsp?NODOC=2014_DOC_MON1_MBUM_53,,,,,,,,
Passio S Vincentii,"Montpellier, BFM 55",192v-194v,Ja1,800,Metz,Latin,http://www.biu-montpellier.fr/florabium/jsp/nodoc.jsp?NODOC=2014_DOC_MON1_MBUM_53,,,,,,,,
Passio S Marcelli,"Montpellier, BFM 55",194v-196r,Ja1,800,Metz,Latin,http://www.biu-montpellier.fr/florabium/jsp/nodoc.jsp?NODOC=2014_DOC_MON1_MBUM_53,,,,,,,,
Passio S Ferreoli,"Montpellier, BFM 55",196r-197r,Ja1,800,Metz,Latin,http://www.biu-montpellier.fr/florabium/jsp/nodoc.jsp?NODOC=2014_DOC_MON1_MBUM_53,,,,,,,,
Passio S Christophori,"Montpellier, BFM 55",197v-200v,Ja1,800,Metz,Latin,http://www.biu-montpellier.fr/florabium/jsp/nodoc.jsp?NODOC=2014_DOC_MON1_MBUM_53,,,,,,,,
Passio SS Luceiae et Euiadae regis,"Montpellier, BFM 55",200v-201v,Ja1,800,Metz,Latin,http://www.biu-montpellier.fr/florabium/jsp/nodoc.jsp?NODOC=2014_DOC_MON1_MBUM_53,,,,,,,,
Passio SS Eleutheri et Anthiae,"Montpellier, BFM 55",201v-203v,Ja1,800,Metz,Latin,http://www.biu-montpellier.fr/florabium/jsp/nodoc.jsp?NODOC=2014_DOC_MON1_MBUM_53,,,,,,,,
"Martyrium SS Romani, Hisici, et Bafalei Barulae","Montpellier, BFM 55",203v-206v,Ja1,800,Metz,Latin,http://www.biu-montpellier.fr/florabium/jsp/nodoc.jsp?NODOC=2014_DOC_MON1_MBUM_53,,,,,,,,
Passio S Benigni,"Montpellier, BFM 55",206v-207v,Ja1,800,Metz,Latin,http://www.biu-montpellier.fr/florabium/jsp/nodoc.jsp?NODOC=2014_DOC_MON1_MBUM_53,,,,,,,,
Passio S Adriani,"Montpellier, BFM 55",207v-216v,Ja1,800,Metz,Latin,http://www.biu-montpellier.fr/florabium/jsp/nodoc.jsp?NODOC=2014_DOC_MON1_MBUM_53,,,,,,,,
Passio S Memorii,"Montpellier, BFM 55",216v-218r,Ja1,800,Metz,Latin,http://www.biu-montpellier.fr/florabium/jsp/nodoc.jsp?NODOC=2014_DOC_MON1_MBUM_53,,,,,,,,
"Passio SS Andochii, Tyrsi, et Felicis","Montpellier, BFM 55",218r-222v,Ja1,800,Metz,Latin,http://www.biu-montpellier.fr/florabium/jsp/nodoc.jsp?NODOC=2014_DOC_MON1_MBUM_53,,,,,,,,